2014-06-24T05:50:40.000Z,1,flux7.com,8 Ways to Use Docker in the Real World
2010-02-17T16:57:59Z,1,blog.jonasbandi.net,Software: Sadly we did adopt from the construction analogy
2014-02-04T02:36:30Z,1,blogs.wsj.com, Google’s Stock Split Means More Control for Larry and Sergey 
2011-10-26T07:11:29Z,1,threatpost.com,SSL DOS attack tool released exploiting negotiation overhead
2011-04-03T15:43:44Z,67,algorithm.com.au,Immutability and Blocks Lambdas and Closures
2013-01-13T16:49:20Z,1,winmacsofts.com,Comment optimiser la vitesse de Wordpress?
2013-09-04T12:10:52Z,1,theincidentaleconomist.com,ilk is not as good for you as you think
2012-03-09T20:25:42Z,1,worldometers.info,Worldometers - Real time world statistics
2010-04-22T13:23:10Z,26,docs.com,icrosoft strikes back: introduces docs for facebook
2012-05-06T16:08:46Z,2,blog.hackplanet.in,Net HTTP status codes 
2014-12-23T00:55:31.000Z,1,curt-rice.com,Anecdata or how McKinsey’s story became Sheryl Sandberg’s fact
2014-08-14T14:27:07.000Z,26,,Ask HN: What Android Wear apps would you like to see?
2013-06-27T20:35:34Z,8,nytimes.com,Immigration Overhaul Passes in Senate
2014-03-23T00:22:26Z,1,retargeter.com,What matters most at Ad:TECH SF 2014
2011-12-14T15:50:25Z,2,extremetech.com,Amazon Silk revisited: Is the split cloud browser any faster?
2011-10-01T05:28:30Z,9,tenprinciplesofgooddesign.com,Dieter Ram's Ten Principles Of Good Design
2012-04-17T17:02:58Z,109,google.com,Gmail Down
2012-04-02T18:14:03Z,48,tomayko.com,Show How Don't Tell What - A Management Style
2014-07-28T06:53:09.000Z,3,washingtonpost.com,U.S. releases images said to implicate Russia
2010-08-18T02:47:01Z,3,youtube.com,Real-time OCR/translation of Chinese text through iPhone video camera
2011-12-02T15:12:30Z,1,changerlaplanete.com,Des dcorations de Nol plus colos
2011-07-05T10:32:02Z,61,holdenweb.blogspot.com,Childish behaviour
2013-02-09T23:18:04Z,1,peninsulapress.com,Silicon Valley shouldnt fear China Atlantic Monthly writer says
2012-06-04T21:43:00Z,1,letitlinks.ru,  Mirillis Action 1.3.3.0
2012-03-12T00:55:44Z,10,usatoday.com,Older entrepreneurs find new niche in startups
2011-11-10T17:32:14Z,15,nytimes.com,Computer Programming for Children Minus Cryptic Syntax
2010-01-12T14:55:24Z,1,rowtheboat.com,AB testing with Google Analytics
2011-03-08T02:54:22Z,1,join.latinosexdates.com,Latino SexDates
2012-04-03T23:12:51Z,1,androidandme.com,otorola is turning Android 4.0 into a desktop OS with Webtop 3.0
2014-04-14T13:37:13Z,1,kottke.org, A.I. movie merch: Super Toy Teddy 
2010-12-12T12:48:48Z,2,nytimes.com,Prisoners in GA Organize Strike via Contraband Cellphones
2013-02-26T23:05:11Z,2,slideshare.net,Amazon Cloud Major Outages - Analysis
2014-03-24T17:34:17Z,36,techcrunch.com,Hired Raises $15M Series A At Valuation Around $60M
2013-05-16T02:50:43Z,65,slate.com,Google CEO Is Tired of Rivals Laws Wants to Start His Own Country
2013-02-02T22:20:46Z,1,scottmeyers.blogspot.de,Effective C++11: Content and Status (Scott Meyers)
2008-07-10T11:27:54Z,2,readwriteweb.com,Twitter Back On Track? - Raises API Limit To 100 Requests Per Hour
2011-04-25T18:41:25Z,1,newsgrange.com,Faster Search With Slashtag.it
2013-01-21T21:17:53Z,242,codinghorror.com,The End of Ragequitting
2014-05-12T05:16:24Z,1,contently.com,Why Basecamp just launched an online magazine that shuns technology
2013-04-16T14:23:04Z,1,newyork.grubstreet.com,an quits job with a cake
2014-12-02T22:28:51.000Z,12,vanityfair.com,On Being a Black Male Six Feet Four Inches Tall in America in 2014
2010-01-27T13:55:48Z,8,,Ask HN: Review CoffeeScript 0.3
2014-06-03T19:45:08.000Z,2,pzf.fremantle.org,Using OAuth 2.0 with MQTT
2013-12-02T04:50:15Z,1,bbc.co.uk,PlayStation 4 'starting to sell out'
2012-04-23T13:11:47Z,1,blogs.skype.com,Skype for Windows Phone is out of beta
2011-10-04T03:51:04Z,5,kernel.org,Kernel.org is back
2013-10-25T22:56:52Z,1,electrospaces.blogspot.com,How Obama's BlackBerry got secured
2010-07-22T14:37:03Z,2,stakeventures.com,Open Web Payments - PayPal's answer to OpenTransact
2014-10-01T18:40:40.000Z,7,techstarsdigest.com,Show HN: Discover Top Tech Industry Bloggers
2013-11-08T20:20:07Z,1,theatlantic.com,Don't Freak Out but the First 3D-Printed Metal Gun Totally Works
2012-02-20T15:48:46Z,24,info.rjmetrics.com,Our Living Style Guide (Writing maintainable HTML/CSS)
2012-01-28T06:28:44Z,1,biegamy.info,Vince Del Monte Fitness for all ages:
2010-10-19T20:57:03Z,1,specialimages.co.uk,Social Media Portraits.
2009-02-26T13:21:41Z,2,media.mit.edu,Conceive Choose Create Communicate: Advice for successful projects from a hacker
2011-06-05T23:43:16Z,2,jbkempf.com,VLC 1.2.0 features - Part 1 video output
2010-04-17T21:22:41Z,2,entrepreneur.venturebeat.com,Startup lessons learned from Warren Buffett
2013-05-08T21:37:52Z,375,businessinsider.com,Tesla Smashes Earnings And Revenue Expectations
2014-05-13T06:39:46Z,1,inessential.com,The Dramatic Nature of the Easiest Bugs to Fix
2012-01-30T14:06:31Z,3,networkworld.com,Google Microsoft Facebook banks team to wipe out phishing via DMARC.org
2013-10-29T15:53:12Z,2,npr.org,Startups Try To Reroute Food Waste To The Hungry : The Salt
2011-09-08T14:58:16Z,1,gotravel-indonesia.com,Tourist Health Insurance for Backpackers
2011-08-11T14:06:55Z,1,youtube.com,Jonathan Harris : Today
2011-04-11T10:41:37Z,1,vimeo.com,Star Wars the (High School) Musical [video]
2012-03-22T15:47:45Z,2,news.techworld.com,'Hacktivists' pose biggest data breach threat study finds
2014-08-28T15:01:25.000Z,2,cnbc.com,France's 35-hour working week under threat
2013-12-17T15:47:32Z,1,wired.com,How Allies Used Math Against German Tanks
2013-07-30T20:59:16Z,4,techcrunch.com,ozilla Launches Minion Automated Security Testing Platform
2011-09-12T15:20:45Z,1,blog.buzzdata.com,Priceofweed.com releases database on BuzzData
2012-05-29T17:29:40Z,1,html5rocks.com,Understanding CSS Filter Effects
2012-11-15T18:11:30Z,1,gigaom.com,Google backs Iowa wind farm has put close to $1B into clean power
2013-04-28T14:04:07Z,2,,Ask HN: What software/site/wiki are you using for onboarding your team?
2014-09-13T10:55:23.000Z,2,boingboing.net,Teletext ad 1978
2010-10-23T09:10:37Z,1,nikehome.net,Air Jordan 2010 Silver Anniversary Dwyane Wade
2015-02-18T18:41:31.000Z,4,predictionmachine.com,Simulations on the chances Kentucky goes 40-0 in College Hoops
2013-07-24T04:37:44Z,3,businessinsider.com,Snowden's Moscow Lawyer: NSA Leaker Is Planning To Live In Russia And Get A Job 
2014-10-25T10:11:19.000Z,2,qz.com,The 19th-century Mumbai plague may offer clues in dealing with Ebola
2010-04-23T06:49:11Z,12,julianhansen.com,So you need a typface?
2012-08-21T20:24:33Z,5,googleappengine.blogspot.com,App Engine 1.7.1 Released
2009-03-16T15:00:41Z,1,harlandics.com,Use It or Loose It 
2014-07-19T17:27:03.000Z,2,imgur.com,icrosoft customer service experience: The good after the bad
2009-06-19T18:00:22Z,3,icfpcontest.org,12th annual ICFP programming contest begins next weekend
2011-10-13T09:27:49Z,1,alifesoft.com,How to save YouTube video to MP3 formats on Mac? 
2013-10-08T23:35:37Z,1,mihneadb.net,The Pastebin Client Exercise
2012-05-16T12:02:36Z,2,thenextweb.com,TeliaSonera to build Facebooks new pan-European optical network
2011-10-06T12:25:18Z,4,web-target.com,Email & Teens - Using email hasnt taken root amongst the Millennials?
2012-10-21T15:25:46Z,3,thenextweb.com,Some of technology's most underrated founders
2014-11-24T23:55:32.000Z,3,blog.mashape.com,API Economy: Growth of an API Hub from 0 to 100K Users and 10K APIs
2012-02-14T06:35:56Z,1,youtube.com,Covert Communication in a Dark Network
2010-12-17T07:02:55Z,1,tireunit.com,History of the Continental Tire Company First Fifty Years of Success
2013-07-10T18:28:24Z,1,coderwall.com,Confessions of a 'job hopper'
2013-04-19T20:36:10Z,1,zdnet.com,Bing is fine insecure as ever but fine
2013-01-28T10:44:24Z,35,wired.co.uk,Reddit gay gamers to fight Gaymer trademark
2012-04-26T10:56:18Z,29,connected2.me,Show HN: My one-sided anonymous chat startup reached 150K+ members virally
2015-01-08T22:17:24.000Z,2,countuponsecurity.com,Security Hands on Training – Part 1
2009-06-13T20:35:49Z,1,victusspiritus.com,How to Get Rich Really Really Rich
2011-10-03T19:21:16Z,1,techcrunch.com,PayPal To Open A Pop-Up Store In New York To Showcase New Payments Technologies
2011-02-07T03:45:25Z,19,scribd.com,Interacting with women can impair men's cognitive functioning
2009-02-15T10:39:18Z,1,repairmobiles.blogspot.com,6120 C Mic Microphone Problem
2012-04-09T16:13:47Z,1,qqfqq.com,
2013-07-01T12:53:51Z,2,getkickstrap.com,Kickstrap: Bootstrap with apps themes and extras
2012-05-29T12:34:31Z,1,jamjee.com,aking money online with freelance jobs
2015-01-13T09:46:32.000Z,2,deskbeers.com,Craft Beer Delivered to Your Office
2013-01-17T09:07:37Z,1,investing.covestor.com,3D printing is a lot of hype and it'll never go mainstream
2012-07-30T17:39:58Z,1,wired.com,arines Catch Deserter  5 Years After His Honorable Discharge
2013-07-31T02:14:02Z,14,docker.io,Docker hack day lightning talks live
2012-07-26T04:12:39Z,1,eugene.kaspersky.com,What Wired Is Not Telling You  Eugene Kaspersky
2011-09-29T15:14:02Z,2,cringely.com,Kindle Fire: Take three tablets and call me in the morning
2011-02-01T08:29:46Z,1,nytimes.com,Wary of Egypt Unrest China Censors Web
2014-05-07T14:52:33Z,3,inform7.com,The first new release of Inform in three years is now available 
2015-01-08T21:25:28.000Z,5,bradfults.com,The Best API Documentation
2011-03-30T08:03:14Z,3,bbc.co.uk,BBC website crashes for an hour
2010-07-05T22:37:45Z,1,thespec.com,Queen tours RIM
2012-09-14T10:17:02Z,1,bbc.co.uk,Pirated Rihanna songs land Frenchman in court
2012-06-27T13:03:27Z,1,zachwick.github.com,What is all of this Sublime Text 2 hullaballo?
2013-03-04T19:13:46Z,6,rc3.org,Dont get stuck: Continuous Deployment
2013-04-10T06:43:10Z,2,github.com,Aaron Swartz's Final Commit
2010-12-24T03:55:29Z,2,youtube.com,Crazy stop motion video: Ninja Moped - Insert Coin [video]
2011-10-11T18:30:53Z,1,carsflow.com,New Sports Cars Hitting the Surface in 2011-2012
2014-03-21T13:40:41Z,1,couple.me,Couple – Relationship App for Two
2011-11-01T15:04:20Z,2,plus.google.com,Salman Khan on the power of the Internet for learning
2014-06-19T12:47:18.000Z,1,reddit.com,Haskelier – Haskell for the Advanced Layman
2008-02-01T15:33:02Z,2,jgc.org,The Digg Heat Map: Digg is mostly US and mostly read at work
2010-10-22T23:18:36Z,4,wired.com,Google TV Growing Pains: Networks Block Web TV Shows
2015-01-05T06:05:51.000Z,89,alfie.wtf,Denthor's Graphics Tutorials: Why I am a Programmer
2012-05-10T11:39:46Z,1,gelaelartshop.com,Gelael art shop  Light pink and gold wedding centerpiece
2007-07-11T06:07:25Z,3,techcrunch.com,Gigya's Big Win With Top Widget Companies
2011-10-01T16:56:54Z,1,goo.gl,Introducing Firefox 9
2014-09-09T17:01:26.000Z,1,spectrum.ieee.org,Five DO's and DON'Ts on Building Your Robotics Startup
2012-12-19T15:44:34Z,1,linkedin.com,Programming Your Culture
2012-12-09T13:42:20Z,1,zdnet.com,Apple hires former Windows Hacker away from Microsoft
2009-02-12T01:08:55Z,1,industry.bnet.com,Patent Crowdbusting: Q&A with Cheryl Milone of Article One Partners
2015-01-28T20:34:36.000Z,2,boxever.com,Prometheus: A Next-Generation Monitoring System
2013-08-19T07:52:56Z,1,whyday.org,Whyday: August 19
2014-07-18T13:56:36.000Z,11,newscientist.com,eet the electric life forms that live on pure energy
2014-05-21T22:32:11Z,2,fsf.org,Tehnoetic wireless USB adapter now FSF-certified to respect your freedom
2010-12-27T04:31:23Z,1,huffingtonpost.com,New Zealand Military Releases UFO Files
2013-03-24T01:45:57Z,2,kippt.com,List of HTML5 Charts
2012-09-27T01:39:53Z,2,fool.com,Device Frontiers That Mobile Developers Think Are Coming
2010-04-28T15:35:28Z,2,,Ask HN: Best incorporation type for a consulting company?
2010-11-08T20:34:57Z,1,technewsdaily.com,Laptop On Your Lap Might Cause Fertility Issues in Men
2012-10-30T15:11:04Z,2,shopify.com,How small companies can compete with Amazon
2014-02-11T22:00:18Z,1,muckrock.com,FBI redacting published facts from drone documents
2012-06-14T01:31:53Z,1,entrecity.com,Relationship of the Government and Entrepreneurship
2012-12-31T21:21:52Z,1,razaunidalibre.blog.com,RT AristotelesSD: lopezobrador_ GANO AL PENDEJO DE MEXICO EPN 
2011-05-01T13:41:35Z,1,blogs.forbes.com,Climate Change As Religion: The Gospel According To Gore
2012-03-26T11:50:14Z,1,codersky.com,Tip of the week
2014-04-11T18:59:57Z,3,,Ask HN:  Password manager?
2013-05-27T05:56:40Z,1,en.wikipedia.org,Premium Rafting Vail Colorado
2015-04-20T14:32:02.000Z,205,aurellem.org,Pokemon Yellow Total Control Hack
2013-05-01T16:58:11Z,1,,What do you think about an email client with an interface like pinterest?
2013-07-21T07:09:52Z,1,space.com,Earth's Gold May Come From Collisions of Dead Stars
2012-01-13T20:14:57Z,4,,Ask HN: Indie Android Dev Marketing
2014-09-11T12:18:40.000Z,99,techblog.netflix.com,Introducing Chaos Engineering
2014-12-03T19:59:22.000Z,1,,Suggestions for Scholarship Application Management System
2010-06-21T18:46:04Z,20,danshapiro.com,This is my Twitter algorithm.  What's yours?
2014-09-02T02:59:40.000Z,2,flowingdata.com,Face tracking coupled with projection mapping
2013-11-18T17:18:57Z,3,majorintel.com,ajorIntel: Business intelligence for QuickBooks
2012-02-14T17:53:48Z,2,newschoolsecurity.com,Dear Verisign: Trust requires Transparency
2011-12-06T01:14:24Z,1,spiegel.de,Berlin Tech Start-ups
2014-09-20T12:57:04.000Z,1,madrasa.ca,Show HN: Madrasa – A community for Autodidacts
2008-08-07T14:22:40Z,28,jchris.mfdz.com,arkov Chains using CouchDB's Group Reduce
2011-08-01T12:21:58Z,2,stackoverflow.com,How serious is the Java7 Solr/Lucene bug?
2014-12-03T02:14:22.000Z,1,reduniverse.com,Red Universe (requires Flash + High-speed Internet)
2014-08-13T13:36:37.000Z,39,wired.com,Snowden: I Left the NSA Clues But They Couldn’t Find Them
2009-04-06T23:52:35Z,1,blog.newscred.com,Newspapers can reduce traffic by 32% by simply asking Google to stop sending them traffic
2008-09-22T03:46:18Z,1,revealingerrors.com,Google Miscalculator: Revealing Errors
2008-11-24T03:58:44Z,3,github.com,Refactoring Methods with Recursive Combinators
2008-02-02T11:43:01Z,1,aaronfalloon.com,Blog Security X Give your blog some extra protection.
2010-01-01T19:45:52Z,8,loebner.net,The Turing Test: Transcripts of the best attempts
2009-05-13T08:45:53Z,28,wired.com,Hulu a Victim of Its Own Success?
2012-07-31T22:24:52Z,1,facebook.com,Olympics Diving live stream online watch here 
2012-08-15T12:52:51Z,1,pressherald.com,The Bill Gates challenge to reinvent the toilet
2015-04-19T10:43:31.000Z,3,medium.com,How Bookya Disrupts the Live-Entertainment Industry
2012-02-04T08:58:35Z,1,lazylawn.co.uk,Artificial Lawn
2014-01-19T13:51:03Z,1,slideshare.net,Creating effective ruby gems
2013-08-25T19:15:56Z,1,bit.ly,ight want to skip that tech conference in India
2014-01-30T17:10:39Z,3,startupsanonymous.com,Balancing family and the Drive to Succeed?
2010-11-30T16:03:41Z,1,pcmag.com,EU Opens Antitrust Investigation into Google Search
2011-05-03T16:41:29Z,13,ycreject.com,When is the best time of the year to start my start-up?
2014-06-03T15:31:51.000Z,1,infectiousminds.com,Setup Ghost with PostgreSQL via Dokku
2009-03-22T13:25:47Z,1,igbarb19.wordpress.com,Parliament of the Worlds Religions
2010-12-24T17:45:22Z,4,shubharamani.com,Would you hire a Netflix casualty?
2011-04-21T22:40:29Z,1,kotaku.com,Google Earth - Except it's for Space
2014-01-17T09:15:17Z,1,noggin.intel.com,Technical Articles
2013-02-05T04:15:53Z,1,zesty.ca,Real-Time Chat Using Dynamic Animated Images
2010-03-18T06:12:13Z,1,hypocritsit.blogspot.com,Is Paul Graham really as PHONY as these guys make him out to be?
2015-04-16T14:41:24.000Z,1,docs.google.com,Side project to fund 3 months of rent for people in need of assistance
2014-12-17T15:19:06.000Z,1,mashable.com,Only 5% of Cubans have access to the open Internet
2008-01-24T18:48:58Z,12,acme.com,http_load - test your server for heavy load
2013-03-28T06:24:59Z,2,programmers.stackexchange.com,What are good keyboards for programming?
2014-02-02T06:27:31Z,1,apievangelist.com,The Voice Chat API Is Great Example Of An Simple Open API Driven Resource
2012-02-03T15:09:39Z,1,loopinsight.com,"Ego and "News Logic"""go and "New""o a"
2012-06-03T16:13:17Z,1,hottubschina.com,Walk in bath
2012-01-24T16:35:02Z,1,fmarketinggrp.com,Stand Out Get Hired
2010-10-12T08:25:39Z,1,aimersoft.com,Easiest Guide of Converting MP4 videos to MOV files on Mac
2011-03-15T21:41:56Z,1,howaboutwe.com,Networking at SXSW: How to Tell if They're Interested in Business or Pleasure
2010-01-08T15:13:41Z,1,dailymail.co.uk,The interactive projector :
2011-09-30T07:52:51Z,2,worrydream.com,Bret Victor's (Ex-Apple) yin and yang of technology and design
2012-01-25T23:19:28Z,1,gawker.com,The Mercenary Techie Who Troubleshoots for Drug Dealers and Jealous Lovers
2007-10-05T00:05:33Z,34,,How old are you and what is your education level?
2011-03-06T05:05:15Z,22,sbcoded.com,Should CS students be graded on performance?
2012-06-19T07:40:01Z,1,jesikagoaescort.com,Goa Escorts
2013-05-30T19:05:11Z,1,babybummerscartoons.com,Cartoon Wild Weather
2010-12-15T17:59:18Z,1,msdn.microsoft.com,Build Data-Driven Apps with Windows Azure and Windows Phone 7
2014-11-19T14:35:09.000Z,12,spiegel.de,Death in the Sahara: An Ill-Fated Attempt to Reach Fortress Europe
2012-11-05T22:33:10Z,1,,Ask HN: personal hosting
2013-03-12T06:48:09Z,2,the42.com,So long and thanks for all the fish.  Missing Douglas Adams.
2012-11-15T21:57:57Z,1,qz.com,Yesterday Russia lost contact with every last one of its space satellites
2012-11-06T23:05:44Z,7,elections.huffingtonpost.com,Live Voting Results
2011-11-23T20:14:32Z,2,buzzdata.com,What it takes to make Reddit front page  data and stats
2008-08-14T20:01:28Z,2,dexigner.com,Design-based Web Applications Development - The Essential New Paradigm
2013-05-13T15:57:13Z,2,imrsv.com,Cara: Software that turns any camera  into an intelligent sensor
2013-06-04T22:57:05Z,2,cloudmanic.com,Being Bleeding Edge Is a Good Thing
2011-09-28T12:26:52Z,1,mobile2u.com.pk,Nokia C3 Price
2011-11-23T12:38:54Z,1,graphicswing.com,Freebie Alert: Awesome Collection of Textures From Wegraphics
2014-10-21T18:26:15.000Z,5,engadget.com,PhotoMath uses your phone's camera to solve equations
2011-04-03T11:24:23Z,5,kickstarter.com,GoPano micro - Capture 360 videos from an iPhone 4
2015-01-14T14:33:32.000Z,1,capitalnewyork.com,Bill to protect car services from Uber raises questions
2012-03-16T09:08:04Z,259,ignorethecode.net,The New iPad's Screen Under the Microscope
2011-11-27T04:05:49Z,1,,The quest for a cloud using Many-Core processors 
2013-09-20T17:26:06Z,1,artgallery-pictures.blogspot.com,Nice and funny pic
2010-12-19T06:01:14Z,4,edition.cnn.com,5 Web titans that withered under Yahoo
2010-11-29T15:13:20Z,1,yro.slashdot.org,DHS Seizes 75+ Domain Names
2014-09-29T11:01:52.000Z,2,anyname.nz,New Zealand to begin registrations for 2nd level domains tomorrow
2012-10-18T01:54:36Z,3,teach.github.com,Open Source Github Internal Training Materials
2015-04-09T18:33:20.000Z,1,wisen.co,Innovation in education and the opportunity to create
2014-02-04T08:48:13Z,4,kickstarter.com,Low Cost access to space with the Starfire space cannon
2011-04-21T14:06:27Z,1,techhogger.com,RockMelt Releases RockMelt Mobile Browser For iPhone
2013-06-25T20:25:50Z,2,wired.com,Canadian Hacker School Goes Dark After Government Probe
2009-04-01T10:42:01Z,5,blog.plurk.com,Plurk relaunches with Twitter/Facebook like service
2012-10-25T16:47:48Z,1,youtube.com,Ice Cream
2012-09-26T14:38:48Z,2,raizlabs.com,How Great iOS Animations Make Great Apps
2014-06-05T16:05:32.000Z,1,eweek.com,Google Built End-to-End Encryption to Block Cyber-Crime Not the NSA
2014-05-08T18:12:40Z,2,sfgate.com,Obama new tech A-listers align
2015-03-26T21:10:39.000Z,1,buzzfeed.com,Meet Periscope Twitter's New Live Video App
2012-12-04T02:36:05Z,2,allthingsd.com,Google Ventures-Backed Start-Up TrueLens Nabs $1.2 Million
2012-01-23T13:58:11Z,1,thepowerbase.com,5 reasons KDE is better than Unity.
2012-08-31T23:22:00Z,1,mohnish.net,The Problem with Blogging Culture
2010-07-29T22:54:37Z,2,arstechnica.com,"Sprint set to release 3G-enabling "case" for iPod touch""print set to release"
2012-07-10T13:42:11Z,1,wurkit.com,Startup Quotes
2012-02-26T19:54:27Z,2,codebelay.com,Join Twitter and Get Spammed
2011-03-28T21:44:58Z,4,ginzametrics.com,Is Trader Joes Really Not on Twitter?
2012-03-15T21:54:09Z,1,online.wsj.com,A Start-Up Ecosystem Forms in Chicago
2013-10-11T15:59:31Z,1,computeranonymous.org,Computer Anonymous
2013-05-30T02:54:08Z,1,blog.gengo.com,Localization platform Phraseapp now offers Gengo powered translation
2014-01-19T13:09:13Z,3,indiegogo.com,arioWay: a hands-free wheelchair to narrow the disability gap. Italian design
2013-11-20T08:58:24Z,1,stackoverflow.com,Scala compiler phases
2014-08-06T11:16:57.000Z,1,blog.ponyfoo.com,Building High-Quality Front-End Modules
2012-05-09T22:21:08Z,3,robertpeake.com,What marriage means to me
2010-09-01T14:15:01Z,2,standalone-sysadmin.com,Do we really want Linux machines that never reboot?
2013-11-23T19:05:56Z,2,medium.com,How I Reached 100000 views in 30 Days on Medium 
2012-08-15T10:21:38Z,1,scriptsnippets.com,Chess in C++
2012-04-20T19:46:08Z,1,latestafricannews.blinkweb.com,Latest News From Africa
2011-08-02T07:44:31Z,1,radiifootwearus.com,ENS 420 TOP-BLACK MULTICOLOR [MENS 420 TOP] - $68.99
2013-07-04T10:37:05Z,1,asadmemon.com,How To Be Excellent at Something
2012-05-02T15:43:59Z,2,theverge.com,"Purchased copies of "Rock Band" for iPhone to become unplayable""urchased copies of "Rock Band" for iPhone ""rchased copies of "Roc""cha"
2010-10-22T17:07:21Z,1,networkworld.com,How to secure iPads for corporate use
2009-05-13T21:10:31Z,1,gizmodo.com,Steve Jobs Portrait made of Classic Apple Typefaces
2013-01-04T18:13:04Z,2,scala-sbt.org,Understanding SBT's (Scala) Incremental Recompilation
2011-11-17T05:48:38Z,1,wine-globe.com,Choosing A Wine Cabinet
2012-05-30T07:56:22Z,1,mariocaropreso.com,How can too much information kill creativity?
2010-03-05T17:42:00Z,1,f4s.in,Nithyananda breaking records on Tweets
2011-08-09T21:17:01Z,4,standingdog.com,How Jonathan's Card Really Works
2015-03-11T15:35:19.000Z,1,fastcodesign.com,“Delightful” Interaction Design Needs to Die
2014-09-18T07:48:47.000Z,8,congbach.github.io,Show HN: Swing Copters in HTML5
2013-10-28T10:41:22Z,1,bigdata-startups.com,How MasterCard Helps Retailers Understand Their Consumers 
2013-05-04T17:29:58Z,1,kennykellogg.com,Kenny Kellogg: Six Links on Saturday
2012-08-17T08:38:18Z,1,youtube.com,HD Mars curiosity landing
2011-02-10T00:13:26Z,5,arstechnica.com,FTC asked to investigate kids and in-app purchases
2012-02-14T11:10:36Z,1,reformasyconstruccion.es,Pintar habitacion
2009-02-12T23:47:30Z,1,jroller.com,Cloud Idea using GridGain  Get VC Funded in 90 Days
2011-07-27T19:09:35Z,2,sitepoint.com,How to examine :active and :hover in Firebug
2014-09-11T00:23:26.000Z,160,adodson.com,HelloJS – Client-side OAuth for JS
2012-04-10T16:24:56Z,5,chrome.blogspot.com,All your tabs accessible everywhere
2010-10-07T11:05:37Z,1,moneytized.com,Top 25 +1 methods to enhance your link building strategy
2012-03-13T13:22:50Z,1,droid-guru.com,Android 4.0 a.k.a Ice Cream Sandwich Update Now Rolling Out
2013-02-17T09:25:41Z,6,economist.com,Andr Cassagnes Etch-a-sketch inventor has died
2011-04-12T10:08:04Z,1,ontwik.com,IPhone App Dev with Titanium: Getting Started
2011-05-22T14:32:36Z,26,jessenoller.com,Free Idea: Code equivalent to Morning Pages/750 Words
2011-06-14T23:30:12Z,1,100-marketing.blogspot.com,Overcome Your Fear of Marketing to Get What You Want
2015-03-03T02:09:35.000Z,5,blog.rubydubee.com,Show HN: Git Flow for Selective Feature Deployment
2014-06-30T20:23:29.000Z,1,github.com,F# t-shirt app from Xamarin
2011-08-16T12:32:03Z,1,samedayessay.com,How to correct an essay
2011-11-02T08:18:31Z,2,torrentfreak.com,PAA Lashes Out Against Rogue Cyberlockers
2012-07-27T03:46:01Z,5,wingsofreason.com,How the Mac no longer matters to Apple
2013-11-03T12:38:37Z,1,manic-digger-help.npage.de,anic digger help
2010-02-20T15:25:07Z,42,docs.google.com,Foursquare.com & Scala/Lift [slides]
2014-01-07T16:46:54Z,1,make8bitart.com,In Browser 8-bit Paint Tool
2011-05-02T11:14:14Z,1,inspirationfeed.com,35 Perfect Examples Of Branding Design
2012-04-17T07:22:43Z,1,glamourgoddessfashion.com,Anna Miminoshvili Fall/Winter 2012-13 Moscow
2008-12-05T14:42:34Z,2,theregister.co.uk,BitTorrent net meltdown delayed
2010-06-25T15:05:51Z,1,engadget.com,Apple responds to iPhone 4 reception issues
2014-05-09T12:33:54Z,1,anexiledderryman.com,Parsing the StackOverflow Careers Feed
2013-12-06T07:02:03Z,1,qonqrfun.azurewebsites.net,QONQR Live Zone Statistics
2012-10-01T16:36:38Z,1,theverge.com,icrosoft unveils new MSN.com - for Windows 8 and IE10 only
2015-02-09T18:39:28.000Z,13,hacks.mozilla.org,Embedding an HTTP Web Server in Firefox OS
2010-03-29T09:09:57Z,1,healthinsuranceweb.com,Compare Missouri Health Insurance
2012-11-19T19:03:21Z,2,physics.aps.org,Time-Reversal violation directly observed by Stanford Physicists
2010-11-18T16:11:06Z,1,cloudbusinessreview.com,IBM Leads VISION Cloud Business Storage Research | Cloud Business Review
2012-05-12T05:15:41Z,8,eric.s.raymond.usesthis.com,ESR uses this
2010-04-29T00:00:44Z,1,huffingtonpost.com,Baidu 1Q jumps 165 percent topping forecasts
2009-01-11T06:40:47Z,32,google-opensource.blogspot.com,Google Blog Converter (Google's tool to move blog data between services)
2010-10-12T06:53:17Z,2,youtube.com,How Intellectual Property Hampers Capitalism | Stephan Kinsella
2011-08-18T20:36:41Z,2,youtube.com,Youtube Music
2012-12-13T11:41:46Z,1,andersonjr.com,Oh
2011-09-06T11:33:13Z,1,blog.lessfuss.co.za,We didn't make the cut... and that's okay | Lessfuss
2009-01-08T11:55:24Z,1,iipvapi.com,Photos To Pop Art | Andy Warhol Pop Art | Pop Art Lichstyle | Retro Pop Art
2013-02-02T22:01:00Z,2,newsfeed.time.com,Ohio Art Says Etch A Sketch Creator Dies in France
2008-12-05T14:55:47Z,9,roughtype.com,The trailer park is the computer
2014-11-03T22:25:10.000Z,1,superbcrew.com,Axent Wear Raises $1.77M from Indiegogo Supporters
2012-11-15T22:42:44Z,1,upworthy.com,Getting little girls interested in science/tech: Move Over Barbie
2014-10-10T15:16:19.000Z,7,ted.com,Glenn Greenwald: Why privacy matters
2012-06-19T12:04:00Z,1,smartjava.org,HTML5 geolocation API to measure speed and heading of your car
2014-10-18T21:14:17.000Z,1,github.com,Taws: a personal private search engine
2011-11-29T17:36:03Z,1,theuncommonlife.com,Talent is overrated - And what really matters
2008-09-25T07:08:57Z,1,hostsvault.com,HostsVault.com shared cheap hosting from $4.95
2012-02-23T14:37:37Z,3,getbookcover.com,Show HN: free book cover generator
2011-07-05T10:08:49Z,1,facebook.com,Http://www.Facebook.com/grandmarquishotel
2014-01-10T00:42:24Z,6,pri.org,If the zombie apocalypse happens make sure you have this guy's number
2011-06-07T07:06:24Z,1,nikkibeachlasvegas.com,Best Wedding at Vegas Club
2013-11-02T20:18:10Z,1,huffingtonpost.com,British Accuse David Miranda Glenn Greenwald's Partner Of 'Terrorism' 
2010-02-12T02:50:41Z,7,,Ask HN: Would you be interested in this web app help product?
2012-10-09T15:57:51Z,4,wiggy.net,Developing for the browser
2011-01-13T14:37:12Z,1,eu.techcrunch.com,Stephen Fry to pimp Pushnote to his 2m+ followers  will it work?
2013-06-02T03:03:07Z,6,,Tell HN: Looking to build my portfolio. Will design for cheap.
2014-11-25T19:05:21.000Z,1,govlab.github.io,Host a collaborative blog on GitHub for free
2011-12-08T00:38:59Z,1,sleep-comfort.com,Adjustable Beds | Sleep Comfort Adjustable Bed
2014-09-10T23:38:57.000Z,3,julialang.org,Julia is a high-level high-performance dynamic programming language
2013-05-01T20:21:07Z,2,daringfireball.net,Apple Open and Learning From History
2015-02-10T04:41:04.000Z,2,engadget.com,acedonian officials accused of spying on 20000 people over four years
2010-04-26T18:21:05Z,5,github.com,Build Your Own Programming Language with JavaScript (Slides + Code)
2012-08-07T06:46:05Z,1,gigaom.com,Kno brings its digital textbooks to K-12 education
2011-06-06T14:12:29Z,3,bbc.co.uk,Bribery in India: A website for whistleblowers (ipaidabribe.com)
2007-09-12T20:40:33Z,29,steve.yegge.googlepages.com,The Emacs Problem (February 2005)
2015-03-02T23:54:40.000Z,2,robert-kowalski.de,What happened while contributing to Open Source on a daily basis for one year
2015-03-23T16:30:18.000Z,18,patft.uspto.gov,Method and system for shockwave attenuation via electromagnetic arc
2010-10-23T00:00:54Z,52,theinvisiblethings.blogspot.com,The MS-DOS Security Model
2010-01-26T08:17:53Z,1,youthedesigner.com,11 Creative Outdoor Advertisement Designs
2010-06-30T12:37:28Z,1,businessinsider.com,A Russian Spy's Guide To Dealing With Angel Investors
2012-06-13T21:16:09Z,1,constantcontact.com,SinglePlatform acquired by ConstantContact
2014-09-27T18:04:28.000Z,3,gigaom.com,How has VC funding changed since 1995?
2013-06-14T02:05:35Z,1,frankston.com,Implementing VisiCalc (2003)
2012-08-22T07:29:28Z,1,developerdrive.com,Baking a New Site With a Sprinkle of SEO Part 2
2011-06-23T22:49:26Z,2,ariejan.net,Crowd sourcing your BitCoin mining
2014-01-08T11:16:18Z,1,zdnet.com,Could an Android desktop replace your Windows PC?
2013-01-20T05:56:38Z,1,democracynow.org,Livestream of Aaron Swartz Public Memorial Service at Cooper Union
2015-01-25T13:32:44.000Z,90,github.com,Bitcoinfs: A minimal full Bitcoin node in F#
2012-08-07T13:15:49Z,1,techcrunch.com,New AdTech Goes Consumer: Emotion Tracker Affectiva: $12M From KPCB Horizon
2012-05-16T19:13:23Z,1,m.wired.com,Oracle Goes for Broke in Court Battle With Google
2011-04-09T16:05:51Z,7,seawitchery.tumblr.com,Graphical muusic
2012-05-24T15:01:33Z,1,theatlantic.com,The Vietnam Solution
2012-04-15T02:20:49Z,1,smstroop.com,Insan b kiya shay hai - Advice sms
2011-12-31T11:32:52Z,1,articlesfactory.com,Why submitting site to web directories
2010-04-19T10:39:02Z,1,inspiredm.com,Info-Visualization Trough the Eyes and Talent of 10 Brazilian Designers
2014-03-25T21:19:19Z,2,datasciencecentral.com,The best kept secret about linear and logistic regression
2012-08-03T20:25:24Z,1,readwriteweb.com,Square's Invisible Mobile Payment Solution: Software That Gives You Superpowers
2013-11-04T15:52:24Z,1,en.wikipedia.org,Race Condition
2015-04-02T12:29:56.000Z,10,theatlantic.com,The Internet Ruined April Fool's Day
2011-06-16T20:41:44Z,1,washingtonpost.com,LightSquared delays release of report on GPS interference
2014-06-03T13:27:42.000Z,1,7rf.me,7rf (Letter): Minimal Arabic-language writing app [Arabic]
2012-03-03T15:28:28Z,49,windowsphone.com,Combinator v1.1 - A simple Hacker News client for Windows Phone.
2011-07-22T08:25:46Z,1,anuvasoft.com,Web Application Development
2010-03-12T09:51:52Z,1,onlinetradingplatform.com,Online Trading Platform
2015-02-03T02:41:22.000Z,1,huffingtonpost.com,The Artist Behind the 'Sexist' Newsweek Cover Speaks
2012-11-17T23:26:56Z,1,gullicksonlaboratories.com,The App Cobbler
2010-10-15T12:19:45Z,18,xkcd.com,Tech Support
2012-06-11T02:43:40Z,47,blogs.law.harvard.edu,You Can't Engineer Around Taxes
2011-05-10T20:36:43Z,2,,Ask HN: Please review my site IOUmate.com
2008-06-06T21:49:07Z,1,eetimes.com,IBM water cools 3D chips
2011-06-21T18:06:02Z,4,siliconfilter.com,Alfresco Brings Its Enterprise-Level Content Management to Small Businesses
2014-12-04T00:09:06.000Z,3,techcrunch.com,Progress Acquires Telerik for $262.5M
2011-04-19T07:07:44Z,1,buy-coolpix-camera.com,Good Quality E-Gadget
2013-07-20T13:44:47Z,3,reddit.com,"How can a garbage collector "know" that a variable isn't referenced anymore?""ow can a garbage collector "know" that a variab""w can a garbage col"
2009-05-22T00:26:44Z,3,,Ask HN: How should we seek a funding partner?
2011-01-07T14:31:09Z,7,livedirectory.org,Enabling the real-time web with LiveDirectory.org (an early release)
2012-05-17T19:16:24Z,2,blog.appfog.com,Venturing beyond Rails: Sinatra
2013-08-15T11:46:23Z,1,venturevillage.eu,The new app that's disrupting the pony-sharing market
2013-08-13T23:23:32Z,1,jalopnik.com,Google Maps easter egg: the TARDIS is in London (Street View old Maps only)
2014-11-17T06:47:06.000Z,6,infoq.com,Strategic Design: Embrace Imperfection [video]
2013-01-26T10:00:08Z,1,puppetlabs.com,Announcing PuppetDB 1.1: Do More With Your Data
2011-09-28T12:42:25Z,1,blog.quixey.com,How to run a 99designs Competition
2012-02-09T03:15:40Z,91,blogs.wsj.com,Central Europe Backs Out of Copyright Deal After Protests
2010-12-02T21:33:00Z,27,jobs.github.com,GitHub needs a kickass designer  GitHub Jobs
2008-02-19T22:54:30Z,1,lambda-the-ultimate.org,Any multi-threaded interpreters?
2012-12-31T14:52:44Z,4,jcj9.wordpress.com,Facebook Midnight Delivery security flaw
2014-05-24T12:47:35Z,3,gizmodo.com,The Fermi Paradox: Where the Hell are the Other Earths?
2012-03-10T12:00:52Z,1,popcornplaza.com,Home Cotton Candy Machine
2012-11-23T13:50:40Z,111,anandtech.com,Nexus 4 Includes Support for LTE on Band 4
2010-08-06T13:36:10Z,5,infomesh.net,Early History of HTML - 1990 to 1992
2012-05-15T13:11:55Z,1,,Facebook Files New S-1 Pricing $34-38 Per Share
2011-10-26T19:40:14Z,18,cemerick.com,Enabling rich(er) interactions in the Clojure REPL
2013-08-01T10:00:04Z,1,vimeo.com,Lea Verou | The humble border-radius | CSS Day
2013-07-30T19:42:39Z,2,rhodecode.com,Show HN: RhodeCode Enterprise - an Open Source Alternative to Github Enterprise
2015-02-16T17:03:57.000Z,1,medium.com,How to Pass the Cloudera Hadoop Developer Exam in One Month
2010-01-02T04:17:16Z,3,gigaom.com,Why Apple Was My Company of The Decade by Om Malik of GigaOM
2013-10-25T19:12:14Z,1,wired.com,A Company That Turns Plastic Bottles Into Clothes
2013-05-26T07:07:43Z,17,finance.fortune.cnn.com,Better Place to file for bankruptcy
2010-04-16T07:40:43Z,69,htop.sourceforge.net,Htop - better top
2012-06-17T15:52:42Z,15,boingboing.net,arket for zero-day vulnerabilities incentivizes sabotage
2010-11-24T17:46:06Z,2,nola.com,New Orleans still working to fix real estate computer crash
2012-02-22T10:56:02Z,1,untether.tv,obile Minute #105: Banner ads suck dont let them stay in mobile
2012-02-23T21:00:15Z,1,feelgoodtime.net,What is Juglans Regia English Walnut Tree?
2012-11-12T22:57:10Z,1,jorgecuadra.info,Theres always this tendency of disruption | Jorge Cuadra Fueyo
2013-01-30T21:22:31Z,9,investor.fb.com,Facebook Reports Fourth Quarter and Full Year 2012 Results
2011-03-26T14:55:12Z,1,cubic-m.blogspot.com,Stop Preaching for Financial Independence
2011-09-16T23:18:19Z,1,,URGENT Place to sleep for Dutch hacker in San Francisco or Palo Alto
2010-02-21T02:02:14Z,4,bluishcoder.co.nz,Comparing Colour Space Conversion Libraries
2011-10-26T20:36:01Z,12,mindyourdecisions.com,Game Theory in The Dark Knight: the opening scene
2012-08-08T09:55:26Z,1,fivefinger-sale.com,Http://www.fivefinger-sale.com/
2010-09-21T16:27:58Z,5,resourcey.com,Resourcey - Resources for Programmers
2011-01-08T23:42:12Z,55,jaspervdj.be,Simple Haskell webapp: Generate random tweets using Markov chains
2012-03-19T10:36:00Z,1,quintilesclinicaltrials.co.uk,Clinical trials
2011-12-29T14:09:19Z,1,boingboing.net,State of the arms race between repressive govt and Tor technology
2013-07-16T17:24:57Z,8,blog.mozilla.org,Heka 0.3 Released
2011-08-11T03:57:21Z,1,thehackernews.com,Hungry Hackers website hacked by CyberMind ~ THN
2012-09-17T13:41:33Z,46,techcrunch.com,Square Closes $200M Series D
2015-01-15T15:07:37.000Z,2,phys.org,Water-soluble silicon leads to dissolvable electronics
2012-03-01T03:09:16Z,1,news.dice.com,Googles Android Stats: 850000 Activations Per Day
2010-04-24T06:06:09Z,22,jasonowens.com,How I Would Try to Hack Your Mint.com Account
2013-05-14T20:25:24Z,3,i.imgur.com,Dwolla shuts off transfers to mtgox
2014-03-11T08:31:04Z,1,aftonbladet.se,DropBox Catches Pickpockets Selfie Video On Stolen Mobile Phone
2011-10-29T18:38:34Z,8,,Rate my Startup - CollegeSolved
2014-08-08T11:07:18.000Z,5,collex.io,Gmail Tricks And Hacks You've Probably Never Heard Of
2009-02-09T19:05:31Z,71,stat.berkeley.edu,A critique of The Black Swan
2013-08-24T17:07:12Z,1,platformed.info,The One Feature That Changed Social Networking Forever
2013-10-23T09:46:01Z,1,energetic.io,Will OS X Mavericks kill the paid OS model?
2013-04-08T22:10:12Z,79,incredimike.com,Smart TVs are dumb
2013-03-12T16:36:58Z,177,draftin.com,Write Better with Draft
2012-10-28T16:20:56Z,1,bit.ly,Dawadi Journal: Find Most Retweeted or Popular Tweets
2014-11-17T12:41:29.000Z,2,forbes.com,Upcoming 'Facebook at Work' Service Will Rival LinkedIn
2010-07-01T19:21:51Z,1,iphone4forum.net,Apple vs Google - Who's side will Verizon end up on?
2013-01-13T10:17:30Z,5,theatlanticwire.com,Fossils Suggest 'Hobbits' Once Walked the Earth
2014-12-01T08:09:43.000Z,2,wired.com,Why Young Engineers Are Missing Out
2014-10-08T14:22:59.000Z,12,medium.com,Farewell Node.js
2013-02-25T09:55:15Z,1,marketest.co.uk,How to Have a Successful Sales Presentation
2013-12-10T22:15:20Z,1,archive.org,Internet Archive donations matched 3x until the end of the year
2014-06-26T09:13:08.000Z,1,downloads.bbc.co.uk,BBC Docs: Over the Hill in Silicon Valley (.mp3)
2011-10-17T07:06:26Z,1,ecigzone.tk,UPGRADE Your Health Today
2015-01-02T11:22:39.000Z,1,greatleadershipbydan.com,The Obligation to Dissent
2014-04-16T18:15:13Z,1,blogs.akamai.com,Akamai Update:  Heartbleed: A History
2012-08-05T20:44:26Z,1,quantifire.net,Dedicating time for creative pursuits
2013-02-08T17:04:03Z,1,7tutorials.com,Installing Windows 8 on a Netbook - Does it Work?
2013-06-12T18:57:14Z,1,valleywag.gawker.com,Did Path Cheat Its Way to The Top?
2010-01-15T20:24:24Z,2,businessinsider.com,Bing could beat Yahoo by the end of the year
2012-11-30T17:04:11Z,1,epc.ac.uk,Unemployment of Engineering Graduates: the Key Issues
2013-07-09T11:46:06Z,1,develop-online.net,Valve's hierarchy has 'hidden management' clique like high school
2013-02-23T17:11:14Z,1,dzone.com,artin Fowler on Schemalessness NoSQL and Software Design
2013-10-07T16:12:05Z,1,gamekeyhack.com,Criminal Case Cheats
2011-01-24T20:38:08Z,2,,Ask HN: How to write a good product requirements doc / specification?
2013-01-07T15:01:49Z,1,kickstarter.com,HTML5 MMORPG on Kickstarter
2010-09-30T23:29:06Z,1,addthis.com,Http://www.addthis.com/bookmark.php
2011-03-15T21:43:18Z,1,engadget.com,Online news overtakes paper and nearly half of it is mobile
2014-05-15T02:45:11Z,1,bloomberg.com,'Big Bang' Isn't Porn So Why Is China Censoring Hollywood?
2015-01-31T04:21:40.000Z,1,reddit.com,Allow pro users to disable sponsored ads
2010-12-17T09:52:43Z,1,uggsbootscheapuk.com,From comfortable and pleasant winters
2009-05-26T18:54:16Z,3,onlineaspect.com,The protocols powering the real-time web
2014-08-07T17:25:42.000Z,2,theregister.co.uk,Researcher snaps a Zeus hacker's photo through his webcam
2013-12-26T16:06:45Z,1,geekwire.com,Amazon Prime tops 20M members as company touts its best holiday season ever
2012-09-05T15:58:42Z,2,blog.tenablesecurity.com,$50 Million Series A Investment in Tenable from Accel Partners
2013-12-06T18:28:26Z,1,blog.sensortower.com,Give Your iOS App An Unfair Advantage By Adding Keywords To Its Title
2011-01-29T04:29:33Z,6,sourceforge.net,Attack on sourceforge.net and global password reset
2012-05-13T03:07:45Z,1,,Starbucks Style Guide
2008-03-14T02:49:43Z,4,technology.newscientist.com,"Neckband used in "telepathic" chat""eckband used in "
2011-12-07T21:23:08Z,2,techcrunch.com,Facebok Quietly Offering Conversion Tracking
2013-08-01T21:12:34Z,2,10gen.com,ongoDB: Building Your First App
2011-05-03T15:57:41Z,1,directorydaily.com,Why You Should 301 Redirect Your PHPLD-powered Directory Web Address
2010-09-25T17:41:49Z,1,worldinfomatic.com,Book Cheap Flights Online | Around The Globe
2014-09-24T03:23:45.000Z,1,nova.lunar-europe.com,NOVA is a personal climbing wall that redefines training at home
2013-12-19T17:16:38Z,1,dozuki.com,Tech Writing Handbook
2010-11-15T10:27:01Z,1,dichvutannha.com.vn,"Top in thoi chp hnh "nh"nm 2010 | in thoi - Smartphone""op in thoi chp hnh "nh"nm 2010 | ""p in thoi chp"
2011-09-14T23:33:33Z,1,google-opensource.blogspot.com,Omaha 3: Modernizing Automatic Software Updating
2014-10-24T00:00:41.000Z,1,defenseone.com,How 3D Printing Could Help Replace Russian Rockets
2014-02-04T07:14:10Z,2,pen.io,Pen.io
2010-12-02T23:05:12Z,88,wired.com,Feds Warrantlessly Tracking Americans Credit Cards in Real Time
2012-10-04T19:30:15Z,1,web.mit.edu,The mathematics of leaf decay
2010-01-11T11:45:44Z,8,news.bbc.co.uk,The past is the future for hi-tech
2014-07-21T11:52:08.000Z,2,benmccormick.org,Getting More From Vim
2013-06-19T16:36:23Z,1,blog.nodefly.com,Ganesh Iyer's Real-time Words in a Word game with Node.js & Socket.io
2014-09-25T07:12:03.000Z,1,whizmodo.wordpress.com,Sam Altman's CS183B – Class 0
2012-07-26T09:06:45Z,1,arbico.co.uk,Ivy 3770 Ti - Custom Built Gaming PC
2012-12-07T23:12:28Z,5,theatlantic.com,Crowdsourcing an Israeli-Palestinian Border
2012-04-05T05:53:52Z,17,oaklandnorth.net,Want healthy food delivered to your office fridge? It's available in Oakland.
2010-05-11T08:17:14Z,1,handlewithlinux.com,Linux Ice maker and vending machine Cool
2015-03-27T04:37:39.000Z,3,,Ask HN: Startups in domains with a higher rate of failure?
2015-04-02T16:57:57.000Z,11,,ChineseSkill – teach yourself mandarin with ease
2013-12-16T14:04:53Z,1,startutorial.com,App for selling digital products
2012-10-18T09:41:32Z,43,anjaligupta.com,Why I stopped using the phrase This is not rocket science.
2013-11-22T16:16:10Z,1,thegeekstuff.com,How to Install VMware Workstation on Linux and Create Virtual Machine
2012-01-31T04:36:16Z,2,violasong.com,Hibari design philosophy
2012-10-13T21:54:08Z,2,namanyayg.com,aking a beautiful modern website - Tutorial Series
2012-10-26T23:22:19Z,1,fsf.org,Copyright Office fails to protect users from DMCA
2011-08-27T01:45:37Z,1,theatlantic.com,Can You Get Treatment for Your Internet Addiction?
2014-10-29T01:53:20.000Z,2,priceonomics.com,The Worst Act of Terrorism in San Francisco History
2010-06-01T18:15:45Z,1,techneur.com,Less Consumption More Production
2008-05-06T18:46:49Z,1,,LoveHappens closing
2011-11-18T00:16:36Z,13,android.com,Android Ice Cream Sandwich Features
2009-03-11T19:06:50Z,61,aidanf.net,A list of interesting Erlang links
2013-10-30T00:57:50Z,1,youtube.com,What is our intent?
2011-11-19T03:11:46Z,1,ecash5.net,DIABLO 3 FREE - Must be at least 13 yrs of age.
2013-12-17T05:26:35Z,1,motherboard.vice.com,How Aaron Brown a Fake Person Was Created for Real on the Deep Web
2011-08-18T14:17:45Z,1,bloomberg.com,IBM Chip Senses Events to React Like Brain
2011-07-03T03:27:07Z,44,adam.ierymenko.name,Nanopond: Artificial Life VM
2011-01-20T13:32:04Z,1,debian-administration.org,Creating dynamic volumes with loop devices
2013-12-12T15:08:25Z,1,github.com,CloudGrid.js by Pinterest
2009-12-31T16:28:17Z,44,mongodb.org,ongoDB adds atomic find and modify
2013-06-04T11:11:27Z,4,arstechnica.com,The secret to online safety: Lies random characters and a password manager
2012-03-30T18:14:18Z,5,betabeat.com,Hype Up Weekend - a vaporware hackathon
2013-06-13T17:01:29Z,1,mailcore.tumblr.com,ailCore 2: The next step of libetpan
2012-04-01T11:45:41Z,1,hackersmag.blogspot.com,Facebook does block Spam URLs but there method is Useless 'cuz...
2013-03-02T14:04:23Z,2,tomasdostal.com,SEO  Uploading Files With Optimized Name
2011-05-12T00:27:59Z,2,blogs.forbes.com,The Surprising Reason Publishers Are Finally Saying Yes to Apple
2013-09-21T13:43:10Z,1,focusatwill.com,Check out our neuroscience based music channels
2009-02-25T14:58:34Z,3,zompist.wordpress.com,If managers were interviewed the same way as developers
2012-02-21T02:08:39Z,1,appleinsider.com,Apple's North Carolina solar fuel cell plants will be largest of their kind
2010-10-29T08:36:10Z,1,intvlive.com,ACA to adopt IPL way
2012-06-06T11:04:23Z,1,networkworld.com,Why the Internet needs IPv6
2008-11-01T05:30:39Z,10,ldd.lego.com,Have to much time on your hands ? - Digital Lego
2009-01-08T10:52:34Z,4,zedshaw.com,"Zed presents "The ACL is Dead" at CUSEC2008""ed presents "The ACL is Dead"""d presents "The "" pre"
2011-09-03T13:27:50Z,1,caobenjiawang.ecbec.cn,
2011-01-05T15:53:54Z,2,clickhop.me,Show HN: Clickhop.me browser screen sharing for Chrome
2011-03-08T18:54:47Z,1,technewsworld.com,Fanning the Flames of Developer Burnout
2008-09-17T14:36:33Z,8,,Ask YC:How do you create a website?
2013-04-11T11:23:48Z,2,techcrunch.com,Prototyping App POP Joins Avos The Company Led By YouTube Founders
2010-07-16T07:17:19Z,1,infoworld.com,Windows Phone 7: Don't bother with this disaster | Mobilize - InfoWorld
2013-06-22T15:35:33Z,1,onbitcoin.com,t. Gox Halts US Dollar Withdrawals at Bitcoin Exchange
2014-11-30T05:46:56.000Z,3,tocktix.com,Tock – New Restaurant Ticketing from Alinea
2013-01-30T22:50:23Z,1,theverge.com,Dropbox moves beyond simple file management
2012-04-13T07:58:47Z,1,simplypinefurniture.co.uk,Pine Furniture 
2011-09-05T16:13:12Z,1,untether.tv,This Week in Location Based Marketing - Ep 41: Flickr GooTip Wajam & Snapette
2011-02-18T02:37:58Z,1,latimes.com,Stomach lap-bands now for everyone
2014-07-18T18:40:48.000Z,2,github.com,Keyway: A simple Bash lock file library
2010-11-16T17:12:39Z,47,blog.darkhax.com,How to be a Successful Software Engineer
2014-08-01T21:44:19.000Z,6,cnet.com,DRM is about to get even worse with HDCP 2.2
2012-08-28T05:30:48Z,8,cdn.anonfiles.com,Scala vs. Java: Just as fast less code harder to program (regardless of skill)
2012-12-17T02:25:51Z,2,,Ask HN: What happened to jobs.usethesource.com? 
2010-02-16T15:48:21Z,1,doggette.posterous.com,The Content Problem (and some RSS ideas)
2012-10-09T18:41:40Z,1,hothardware.com,icrosofts Digits Hand Gesture Sensor Bracelet Breaks Cover
2013-03-21T22:26:13Z,1,xconomy.com,C10 Tapping North Bridge to Advance Stretchable Silicon Business
2015-01-07T13:48:49.000Z,19,nautil.us,Where Uniqueness Lies: the key in our brains that unlocks our difference
2010-12-20T17:30:51Z,1,computechgadgets.com,Intel Sandy Bridge CPUs and motherboards spotted in Malaysia
2011-04-27T13:57:24Z,71,blog.lab49.com,The Algebra of Data and the Calculus of Mutation
2014-12-28T08:21:46.000Z,1,torrentfreak.com,Sony accidentally funded “rogue” piracy sites
2010-12-09T16:20:40Z,21,chromephp.com,ChromePHP: Console logging extension for Google Chrome
2014-08-27T04:19:40.000Z,1,tnooz.com,Q&A with Battery Ventures about HotelTonight Gogobot
2012-01-31T15:27:53Z,1,technologizer.com,Let's hope the Apple Store's new CEO forgets everything he knows about retail.
2009-06-08T20:37:37Z,4,apple.com,Download Safari 4 - Official Release
2013-07-02T14:27:40Z,1,washingtonpost.com,These tech companies are spending millions on high-priced lobbyists
2014-09-01T17:38:54.000Z,5,arctic.atmos.uiuc.edu,Daily satellite shots of the polar ice caps since 1979
2014-12-19T10:28:53.000Z,1,side-effects-bang.blogspot.com,Hosting Clojure web apps in 7 easy steps
2010-12-21T01:06:54Z,1,weldingcourse.net,Tubular cutting technique
2014-05-26T11:05:38Z,2,nsaplayset.org,Duplicating the NSA spyset/playset to an opensource project
2010-06-27T01:56:38Z,13,womensenews.org,Women are bailing out of IT 
2012-08-23T00:27:01Z,8,blog.parse.com,The Facebook SDK for Parse is Better Than Ever
2011-03-02T03:52:41Z,1,arstechnica.com,Switching biofuels could do a double-whammy on climate change
2011-07-01T02:36:06Z,1,asicminer.net,World's first Bitcoin dedicated miner board claimed
2011-10-18T20:49:17Z,2,servletsuite.com,Coldtags suite - the largest collection of custom JSP tags
2013-06-10T10:58:15Z,1,bloomberg.com,Google Is Said to Be Acquiring Waze for $1.1 Billion
2014-04-29T02:31:59Z,1,thelinuxworks.blogspot.ca,The Lucrative Linux Job Offer I Turned Down
2014-06-30T10:09:21.000Z,1,github.com,RSA factors based on transmission and reflection coefficient
2012-09-26T17:35:25Z,1,,Advice finding independent contractor (corp to corp) work in Bay Area
2012-08-08T16:09:34Z,1,github.com,FastClick - Polyfill to remove click delays on browsers with touch UIs
2014-04-01T06:22:32Z,1,twitter.com,Deadmou5 Twitter hacked
2011-04-26T16:26:33Z,3,blog.knolif.com,[Ask HN]: Any feedback on the first alpha build of my game?
2009-02-19T19:11:35Z,2,3quarksdaily.blogs.com,Faust and the Physicists
2011-01-04T16:15:48Z,1,blog.davber.com,BNFC: language-agnostic parser generator generator
2014-04-09T22:44:23Z,2,,Which new language to learn?
2011-09-18T11:59:28Z,2,codertalkshow.com,CoderTalk - Episode 4. work / life balance coding with kids etc
2014-12-23T00:06:51.000Z,5,,Ask HN: What did Alan Perlis mean by “Programming is an unnatural act”?
2013-12-27T21:48:34Z,1,csmonitor.com,Consumer Technology Trends For 2014
2014-05-26T21:33:53Z,24,hackerchat.co,HackerChat.co – A private Slack chat for the HN community
2010-02-22T12:39:45Z,1,geek.com,Wordpress explains 110 minutes of downtime for 10.2 millions blogs 
2014-04-11T13:32:57Z,54,queue.acm.org,The Most Expensive One-byte Mistake (2011)
2011-06-08T13:37:12Z,48,jakelevine.me,""The Internet Is My Religion"""The Internet Is My Religion""""
2011-11-29T14:45:53Z,1,BIJUTERII TIMISOARA  BIJUTERII ONLINE,Http://www.bijuterii-arta.com/blog/bijuterii-timisoara-handmade
2014-02-07T18:56:19Z,1,hortonworks.com,How to build a Hadoop VM with Ambari and Vagrant
2013-09-03T04:43:32Z,1,siliconindia.com,10 Free And Amazing Linux Apps For Programmers
2010-01-25T21:26:42Z,6,sensible.com,Steve Krug (author of Don't Make Me Think) has a new book on usability testing
2014-02-23T19:55:16Z,1,danielodio.com,WhatsApp's Journey From Being Ignored To a $19 Billion Exit
2014-03-28T19:03:37Z,1,pullclean.com,PullClean Sanitizing Door Handle
2014-12-12T07:01:56.000Z,4,joeyh.name,A brainf*ck monad
2013-10-11T05:48:22Z,6,independent.co.uk,'Even worse than Foxconn': Apple rocked by child labour claims 
2011-03-22T19:42:28Z,1,,Tight-knit Communities online
2013-04-23T14:11:39Z,1,techcrunch.com,The Valley Needs A Valleywag  Or Something (February)
2014-11-25T21:34:33.000Z,5,techcrunch.com,Against Acceleration
2015-01-24T22:31:06.000Z,1,blog.publicbikes.com,Snow and Tell: Snow Informing How We Use Public Space
2014-04-13T06:51:45Z,4,,PowerDNS.net down for more than 11 hours
2012-11-02T16:19:37Z,11,,Ask HN: Where else do you get your news?
2011-07-01T13:21:45Z,1,tutorialspalace.com,To Learn Quick Photoshop Use These Tutorials
2013-05-22T13:19:30Z,1,thehackernews.com,Hack Battle at 'The Hacker Conference 2013' with CTF365 - The Hacker News
2013-02-04T11:06:25Z,130,feross.org,1% of CMS-Powered Sites Expose Their Database Passwords (2011)
2014-05-23T02:57:41Z,8,yahoo.com,Surface Pro 3 Can Do It All – Maybe Even Lift the Windows 8 Curse
2014-08-06T19:54:54.000Z,6,amisalabs.com,Everything you need to benefit from Big Data
2013-07-17T19:00:04Z,2,highscalability.com,icrosoft Has Over 1 Million Servers - What Does That Really Mean?
2011-07-29T14:59:30Z,2,keepcalmand.com,Show HN: Weekend Project - Keep Calm And Read Hacker News
2010-12-17T09:47:38Z,2,yurylifshits.com,Lessons Learned from the Launch of Word Lens
2014-06-30T04:04:04.000Z,86,arstechnica.com,A review of the Blackphone the Android for the paranoid
2013-02-17T22:55:46Z,3,more-magic.net,Random thoughts on the substring procedure (on strict vs lax/fuzzy APIs & magic)
2012-01-07T07:20:29Z,1,productusp.com,otorola Mobility Launched Motorola Defy MINI XT320 in China
2011-02-05T07:58:11Z,1,blog.postmaster.gr,The Social Organization of the Computer Underground 
2012-04-25T23:01:40Z,2,jamesaltucher.com,Note to Facebook Shareholders: What to Do After You Make a Zillion Dollars
2013-10-05T20:38:20Z,2,l.saunier.me,Leverage Points: Places to Intervene in a System
2010-02-22T00:54:15Z,1,richardminerich.com,On Finding Mentors Through Issuing Challenges
2013-04-04T00:59:35Z,1,scummos.blogspot.com,Prototype of collaborative editing in KDE Text Editor component
2011-06-04T00:28:41Z,3,video.nextconf.eu,Node.js Data-Intensive Real-Time Applications
2011-04-07T18:15:05Z,3,eff.org,EFF's mass copyright litigation roundup
2011-03-19T06:31:58Z,1,whitakerburris.com,otorcycle accident attorney Lexington
2010-09-20T15:40:02Z,35,xconomy.com,How Whereoscope (YC S10) located a market for its family-finder app
2013-05-22T12:02:20Z,1,happybootstrapper.com,Churn Walkthrough Part I: Defining Active And Lost Customer
2013-04-05T11:00:52Z,1,millwoodonline.co.uk,Deploy PHP to Heroku
2014-12-16T22:20:33.000Z,11,fastcoexist.com,Can America's Desert Cities Adapt Before They Dry Out and Die?
2013-08-15T01:35:20Z,1,ergoemacs.org,ErgoEmacs - Ergonomically modernized Emacs
2007-03-21T20:22:31Z,21,,I will tell you why it's so freaking hard for single founders: It's so freaking lonely
2015-02-16T11:56:35.000Z,1,guardtime.com,What Do HSBC and Anthem Have in Common?
2011-07-25T10:19:25Z,8,,HiddenApp goes AWOL?
2012-09-05T20:09:21Z,1,,Ask HN : Any devs watch the Frontend Master Videos?
2012-04-19T11:18:07Z,1,substancehq.com,The simple blog engine - Substance
2014-11-17T18:49:52.000Z,32,highscalability.com,Aeron: Another messaging system
2015-01-28T07:20:06.000Z,1,en.wikipedia.org,Privy purse in India
2010-11-01T01:51:50Z,1,cpricelandscapes.com,Come on google need this site up and seoed again
2014-12-30T22:34:14.000Z,6,hackread.com,Nvidia  Network Breached 500+ Staff Urged to change account details
2011-10-28T15:47:26Z,1,arab-timess.blogspot.com,     
2011-06-10T15:51:00Z,1,dawn.jpl.nasa.gov,Dawn Mission
2014-05-06T17:47:10Z,2,simonsfoundation.org,In social bees and loners a hunt for the genes behind social behavior
2012-02-23T22:52:18Z,2,clickorlando.com,Facial recognition being rolled out to boost sales at retailers
2009-04-22T17:56:11Z,5,pcworld.com,Criminals Pay Top Money for Hackable Nokia Phone
2015-02-04T16:30:35.000Z,1,github.com,Elasticsearch for Beginners: Index and Search Hacker News
2011-06-03T16:52:35Z,57,dshipper.posterous.com,Battle In The Boardroom: Why Groupon Probably Paid Off Its Early Employees
2011-01-14T05:42:43Z,1,p2pu.org,Learn Python the Hard Way: P2PU School of Webcraft
2014-10-31T18:18:12.000Z,18,lists.torproject.org,Facebook brute-forcing hidden services
2011-09-14T18:03:17Z,3,readsideways.com,Don't Ever Use This Word With Developers
2013-12-30T20:26:18Z,1,sunlightfoundation.com,The year's top politicians and their best deletions from Twitter
2011-04-04T19:55:13Z,12,devblog.blackberry.com,RIM just doesn't understand it's developers
2012-11-08T18:41:35Z,13,blog.adstage.io,Documenting and Assessing an Ad Experiment across Search and Social
2012-02-22T15:38:52Z,16,laravel.com,PHP meet elegance. Laravel 3 has arrived.
2012-04-06T09:44:04Z,1,getapp.com,6 Most Irresistible Business Boards You Must Follow
2011-08-18T22:04:30Z,5,thisismynext.com,HP: ‘We are not walking away from webOS’
2013-07-29T00:12:43Z,61,nybooks.com,A Lecture on Johnson and Boswell by Jorge Luis Borges
2008-10-17T22:53:17Z,1,uncov.com,Paul Graham Just Shut Your Face Already
2012-07-15T14:40:46Z,1,online.wsj.com,Flummoxed by Failureor Focused? 
2011-09-28T20:03:13Z,1,untether.tv,Two Guys on Mobile - Episode 27: Amazon's Fire and Silk + GigaOm's Mobilize
2013-03-30T00:10:30Z,1,cagestokerblog.blogspot.ca,Gore Video: Brutal Truck Accident - Dying Man Bathed in Blood With Severed Limbs
2008-05-13T02:37:43Z,1,,A brilliant! follow on to the Nigerian scam
2010-09-22T03:40:27Z,4,travel.usatoday.com,Hotel ousts couple after accusing them of writing negative TripAdvisor review
2011-02-05T20:10:23Z,27,en.wikipedia.org,Delta Debugging
2008-12-27T00:30:35Z,12,arstechnica.com,icrosoft Apple Google sued over icon software patent
2012-01-19T16:33:16Z,1,entrepreneur.com,3 Steps to Optimize Your Website For Google's 'Freshness' Update
2014-08-25T01:20:15.000Z,1,jonnyrowntree.com,Whats on my Nexus 5
2011-10-21T07:28:18Z,1,latinalaundromat.com,Find Laundromat phoenix
2013-12-03T09:54:06Z,4,linuxjournal.com,Linux Journal Readers' Choice Awards 2013
2012-07-23T20:03:55Z,1,printchomp.com ,Show HN: Printchomp print goods order/comparison engine
2015-03-26T10:59:49.000Z,1,wooey.martinfitzpatrick.name,Show HN: Wooey Web UIs for Python Scripts
2009-02-02T23:20:15Z,37,bits.blogs.nytimes.com,Google Executives Face Jail Time for Italian Video
2008-12-31T01:02:29Z,1,multiverseaccordingtoben.blogspot.com,Ben Goertzel: The Structure of the Physical World and Definitions of Intelligence
2010-07-02T13:01:56Z,3,,Ask HN: Best Invoicing Software?
2008-09-18T18:56:35Z,3,economist.com,Wall Street's bad dream
2011-09-19T16:01:59Z,448,github.com,Twitter's Storm (complex event processing system) is now open source
2013-07-23T21:55:19Z,2,bigthink.com,NASA Scientists Are on a Mission to Break the Speed of Light
2011-08-24T08:46:58Z,1,lukew.com,Creating Engagement on Twitter
2012-03-02T15:48:44Z,1,,Every password manager sucks - create a good one and be the next dropbox
2012-12-04T20:10:03Z,133,news.ycombinator.com,Hacker News: DMCA
2011-10-26T07:41:19Z,1,vetvoice.com,Nuevo perfil de viajes de aventura
2008-05-26T14:20:44Z,1,readwriteweb.com,Studios Should Look to Trent Reznor for Future of Distribution
2015-01-21T20:30:21.000Z,3,bbc.com,The drone operator who said 'No'
2014-10-22T14:15:41.000Z,1,theregister.co.uk,VCE to be absorbed into the EMC federation
2010-09-01T20:06:17Z,1,techcrunch.com,Live Nation To Power Concert Listings Ticket Sales In iTunes 10
2012-09-12T19:17:34Z,1,engadget.com,IPhone 5 vs. iPhone 4S: what's changed?
2011-02-14T14:53:49Z,3,foundora.com,Story & Challenges of Tangible Product Startups
2011-02-25T00:16:10Z,2,thehill.com,Consumer group wants to tax Netflix to pay for rural broadband
2013-12-27T17:47:55Z,1,conweets.com,ost Popular Twitter Conversations of 2013
2014-06-23T19:28:33.000Z,2,strd6.com,Hamlet Implementation
2014-11-06T18:46:46.000Z,8,priceillusion.wordpress.com,anipulating the Consumer Price Index: Hedonic Quality Adjustments
2014-05-06T15:45:06Z,1,shopify.com,A few notes on failing intelligently
2012-06-20T17:58:57Z,9,goodlifeproject.com,Dan Ariely on Hacking Human Behavior - Good Life Project
2014-06-14T14:32:27.000Z,1,qparticle.wordpress.com,Overview of antibiotic treatments
2013-11-26T15:35:31Z,23,linkedin.com,An understated job advertisement
2011-07-27T20:49:16Z,4,globalmoxie.com,Page One: Banish Multi-Page Articles on many news sites(Global Moxie)
2013-01-18T15:53:58Z,1,,HN: What is your go to ecommerce technology? 
2013-10-25T01:04:35Z,1,jhatax.blogspot.com,Let's change Windows Update for tablets
2008-12-29T15:35:56Z,1,hubpages.com,FREE Coloring Pages - Kim Possible
2013-01-18T00:31:11Z,2,benwerd.com,Quiet hero
2013-01-21T20:00:00Z,1,blog.felixbreuer.net,aking a Math Conference Poster with Inkscape
2012-07-18T14:18:50Z,3,betakit.com,Top Hat Monocle Closes $8M to Bring Gamification to University Classrooms
2012-07-25T19:42:07Z,33,anyvite.com,San Diego: join us for SD Hacker News meetup #31 (Fri 7/27)
2013-09-28T20:31:54Z,7,thefacesoffacebook.com,Show HN: All 1.2 billion Facebook profile pictures
2010-11-30T17:52:41Z,8,,Ask HN: Is Y Combinator basically just communism?
2008-07-25T05:09:56Z,7,astartupaday.wordpress.com,Y Combinator Challenge #4 - Outsourced IT 
2013-06-02T18:07:00Z,1,danielfrost.dk,One of the most untold stories about the Windows design
2011-01-21T17:33:59Z,1,goodgearguide.com.au,Taiwan develops face-recognition vending machine
2014-07-01T19:10:22.000Z,1,npmjs.org,Show HN: yo polymer-gulp (browserify/sass/browserSync/closurComp/uncss/vulcaniz)
2011-10-15T10:22:36Z,188,jeffwofford.com,A Programmers Greatest Enemy
2011-07-12T07:11:18Z,1,webpagetest.org,Performance Test of a new Techcrunch Article Page
2011-08-30T00:58:14Z,1,ajxzz.com,
2010-10-15T14:07:38Z,43,,Ask HN: Review My Startup - Hypernumbers The Team Spreadsheet
2013-08-13T09:53:31Z,1,winsupersite.com,Windows 8.1: First Notes from Build 9471 | WinSuperSite
2014-11-10T19:38:58.000Z,6,fcc.gov,FCC Chairman Wheeler's Statement about Obama's Statement
2011-11-28T23:32:01Z,1,deltawildlife.org,Delta Wildlife: Investing in the future of our wildlife resources
2014-01-07T19:09:29Z,4,nytimes.com,Will Digital Networks Ruin Us?
2007-10-04T12:46:17Z,2,pcworld.com,icrosoft Looks to Social Networking for Zune 2.0
2010-09-13T15:04:58Z,3,businessinsider.com,VillageVines: 10000 Members... In Just 2 Months
2013-10-07T17:16:26Z,2,github.com,Show HN: add inline article summaries to Hacker News (HackMIT 2013)
2014-04-24T13:10:18Z,1,code.google.com,Pocket C++
2011-11-04T11:58:37Z,2,misterwish.net,It still needs work.  What do you guys think?
2013-05-07T10:28:37Z,1,arstechnica.com,Spyware used by governments poses as Firefox and Mozilla is angry
2014-05-14T14:24:00Z,1,rudebaguette.com,Wheretoget.it raises €1.4 Million to build the Jelly for Fashion
2013-12-11T15:55:13Z,2,leanlovelife.com,The Lean Love Life - Apply Lean Business Principles to your Relationship
2014-08-01T15:08:49.000Z,1,gamasutra.com,Startup puts YouTubers at its center and that changes everything
2010-10-25T21:39:00Z,2,newsinfo.iu.edu,Data mining for political astroturfers
2010-03-15T06:06:41Z,1,finalbossform.com,Braintag: Storm The Celebrity Studio And Retake The Universe
2014-09-10T16:45:11.000Z,8,blog.sucuri.net,Critical Vulnerability in Joomla VirtueMart Extension
2012-01-22T10:47:18Z,3,hollywoodreporter.com,egaupload Drops Lawsuit Against Universal Music Over Viral Video
2013-12-06T05:46:49Z,1,arxiv.org,Bayesian Analysis of Epidemics - Zombies Influenza and other Diseases
2013-04-12T13:13:39Z,1,reuters.com,BlackBerry to ask regulators to probe report on returns
2012-07-10T17:50:51Z,1,blog.mobitto.com,1.08 Billion Smartphones in the World
2009-02-26T16:27:11Z,1,nytimes.com,Apple Tells Investors That Steve Jobs Plans to Return
2014-12-16T21:16:19.000Z,1,creator.ionic.io,Ionic Creator: Build hybrid apps via drag and drop
2015-02-12T14:20:07.000Z,3,github.com,Grunt-sanitize
2010-02-16T19:03:00Z,3,byze.us,How We Tripled Our Traffic - What Google Analytics Tells Us
2009-02-27T13:30:26Z,59,zedshaw.com,iddle Men Aggregators And Apologies
2011-12-21T21:19:06Z,6,digitaltrends.com,The 439 organizations SOPA opponents should worry about
2014-08-11T14:48:56.000Z,2,thenextweb.com,Wikimedia releases first transparency report
2014-02-21T13:15:35Z,1,,Is it just me or are others finding HN has problems?
2015-04-03T11:19:17.000Z,4,medium.com,The curse of being an introvert
2013-09-03T15:13:22Z,1,css-tricks.com,Is there a line between web apps and web sites?
2009-03-04T04:58:22Z,1,forexrapsecret.com,Forex Trading Systems | Forex Traders
2010-10-29T05:59:22Z,1,blog.redfin.com,IE9s Viewport Code is Broken
2010-09-09T18:35:39Z,3,cs.berkeley.edu,How to Have a Bad Career in Academia
2013-09-26T01:49:50Z,3,bitcointrust.co,Bitcoin Investment Trust
2013-08-27T02:40:15Z,1,techexile.com,Review: Samsung Galaxy Tab 3 10.1
2011-05-25T13:08:33Z,2,economist.com,A correlation between well-being and wealth (Chart)
2011-08-07T14:39:14Z,5,google.com,Google - Klingon
2012-08-30T18:29:10Z,1,itunes.apple.com,Show HN: GitHub events in Mountain Lion's Notification Center
2014-10-14T19:18:00.000Z,7,cubeschallenge.com,Cubes Challenge: Optical Illusion Game
2011-06-07T16:28:21Z,1,mahashinicse.webs.com,Photos - Mahashin Talukder
2013-04-24T19:49:34Z,109,caisah.info,Emacs setup for Python development
2012-12-18T04:03:23Z,472,htmlist.com,Two-for-one: Amazon.coms Socially Engineered Replacement Order Scam
2010-04-10T22:16:59Z,1,,IPhone Map Location/Business Query...
2011-11-22T06:25:22Z,63,diligentroom.wordpress.com,Liblime seeks trademark for an open source product created by an NZ library
2014-08-27T21:20:11.000Z,3,nautil.us,Future of Fossils: Print Your Own Dinosaur at Home?
2012-10-11T01:19:58Z,1,wolframalpha.com,WolframAlpha: Approximate Fibonacci Sequence
2014-10-17T16:36:40.000Z,1,twocentsonline.com,Show HN: Feedback on concept
2010-08-16T18:14:45Z,15,alternet.org,Bed Bug Infestation Is Scaring Millions Of Americans
2013-09-25T04:13:38Z,1,typecast.com,All you need is one font family
2010-09-16T16:43:16Z,1,community.microsoftadvertising.com,obile Advertising SDK for Windows Phone 7 Apps and RTB Exchange
2013-03-18T23:50:32Z,1,techcrunch.com,arc Andreessen Tim Berners-Lee Receive Queen Elizabeth Prize for Engineering
2015-02-20T18:52:22.000Z,2,codeascraft.com,Re-Introducing Deployinator now as a gem
2010-11-14T23:54:40Z,2,on.mash.to,AOL Unveils Project Phoenix Its New Webmail App
2011-11-25T10:52:31Z,1,jaqueslondon.co.uk,70th birthday presents
2008-12-08T02:03:49Z,1,anandtech.com,The RV770 Story: Documenting ATI's Road to Success
2011-01-19T22:44:20Z,5,whygitisbetterthanx.com,Why Git is Better Than X
2008-07-26T08:10:05Z,10,arstechnica.com,Hammer drops at last: FCC opposes Comcast P2P throttling
2014-02-27T23:42:45Z,1,a3nm.net,Propositions for EU copyright legislation
2009-05-14T18:26:12Z,1,calidagaming.com,Fridays meeting with the FIA and formula 1 teams.
2014-01-28T01:53:28Z,355,chiark.greenend.org.uk,The descent to C
2012-06-25T15:57:37Z,1,flamingspork.com,On Telstra tracking NextG HTTP requests
2009-04-17T21:41:08Z,1,techcrunch.com,Techcrunch is hiring developers
2015-03-04T19:34:45.000Z,2,xervmon.com,AWS Cost Analytics and On-Demand Support
2012-08-18T12:49:04Z,5,nytimes.com,"NYC bike share program delayed because "the software doesnt work"""YC bike share program del"
2012-03-01T20:06:50Z,1,subbu.org,On Linking
2012-09-21T16:44:16Z,1,workstuff.tumblr.com,y issues with the new iOS Maps (It's not just about the data)
2012-06-07T11:40:44Z,1,bnjmn.org,An app store for Apple TV?
2008-08-19T16:50:21Z,4,arstechnica.com,Buzz and NewsCred: two different takes on social news
2009-01-28T04:44:16Z,2,smashingmagazine.com,Useful Design Tools For Beautiful Web Typography
2010-12-25T14:27:02Z,13,paul.kedrosky.com,Can Facebook Save California?
2010-11-29T15:23:59Z,1,foodandtechconnect.com,Food+Tech Bites 11/29  12/5 | Food+Tech Connect
2012-02-24T08:22:13Z,1,theorytest.beeplog.com,Drink driving facts and penalties
2014-05-18T18:46:23Z,1,devmanual.gentoo.org,Gentoo bash Guide
2012-02-06T16:50:48Z,1,uber.la,Just Click It; superbowl komen blog inbound marketing
2012-04-24T08:43:55Z,19,jonnystromberg.com,List.js  Version 0.2.1
2014-05-19T13:51:00Z,16,google.com,40th anniversary of the Rubik's Cube
2012-08-06T17:27:03Z,1,marketingplaninfo.com,Small Business Marketing Consultant: Are They Really Worth It?
2011-03-09T03:13:49Z,8,techcrunch.com,emolane Launches Its Personalized Internet Time Machine To The Public
2009-03-21T16:10:32Z,4,blog.stackoverflow.com,Stack Overflow - More Voting Anomalies
2012-03-02T17:37:07Z,1,addthis.com,Http://www.addthis.com/bookmark.php
2011-12-05T07:47:32Z,1,onlywire.com,Air Conditioner
2012-10-16T16:22:17Z,1,cnn.com,The CIA plot to get al-Awlaki
2010-12-06T03:03:22Z,3,straitstimes.com,Swiss Wikileaks.ch back online
2013-11-21T05:01:32Z,1,squad.io,Sports startup funding round is 1.5 million validations for Squadio
2010-10-14T14:57:19Z,3,bothsidesofthetable.com,Don't be a conference ho
2013-05-31T07:57:49Z,1,bigdata-startups.com,Have a look inside Facebooks massive data center
2014-12-24T00:53:33.000Z,3,dashingd3js.com,Data Visualization and D3.js Newsletter Issue 110
2013-12-04T18:37:31Z,1,brainpickings.org,Hemingway on Not Writing for Free and How to Run a First-Rate Publication
2013-05-16T12:01:03Z,1,renthousemap.co.uk?from=HN,Show HN: Looking for a place in the UK?
2011-02-12T02:05:37Z,1,newscientist.com,Bionic arms that amputees can control using their mind [video]
2014-05-19T16:43:13Z,307,firstlook.org,The NSA Is Recording Every Cell Phone Call in the Bahamas
2012-04-13T22:50:28Z,1,,Ask HN: What makes a founder? 
2010-07-20T17:15:11Z,72,aloha-editor.com,Aloha Editor: an awesome HTML5 browser based editor
2011-11-22T19:43:01Z,2,nytimes.com,The Umbrella Man
2014-04-25T13:14:02Z,1,blog.chrismahon.com,Tomorrow is too late
2014-12-07T17:13:24.000Z,2,ionicabizau.net,Convert images to ASCII art with Node.js
2013-07-13T02:16:19Z,1,digitaljournal.com,HTML5 Hybrid Mobile App Developers' Meetup Announced for San Francisco CA
2011-02-07T05:52:17Z,1,rapidinduct.com.au,Know About Contractor Management Services
2014-05-03T15:13:22Z,19,facebook.com,Building out the infrastructure for Graph Search
2012-06-30T04:54:12Z,1,torrentfreak.com,egaupload Judge To Issue Order On Return Of User Data Shortly
2013-05-29T15:30:27Z,2,wired.com,Study: Killing Used Games Could Be Profitable or Suicide
2012-04-03T13:25:17Z,1,searchengineoptimizationjournal.com,FuseMail Email Hosting Has Major Service Issues
2012-10-09T12:30:51Z,1,infoq.com,att Wynne on BDD Cucumber Hexagonal Architecture
2013-12-18T10:33:59Z,1,logicmazes.com,What Logic Is Not
2007-07-23T12:50:55Z,3,tracksuitceo.wordpress.com,Supporting Your Family: So Easy a Caveman Could Do it
2013-06-05T15:46:34Z,2,mail.mozilla.org,Upcoming Gecko-based WebView for Android
2013-04-14T16:08:00Z,13,latex-community.org,New stable version TeXworks 0.4.5 released
2012-07-06T17:21:33Z,5,blogs.hbr.org,Less Confident People Are More Successful
2008-02-01T19:50:40Z,1,crowdspark.com, What Does Creativity Really Look Like?
2012-06-01T14:54:33Z,10,schemafreedb.com,Show HN: SchemaFreeDB - Rapid Database Development
2010-09-04T06:34:54Z,1,scarlettlawgroup.com,Personal Injury Lawyer San Francisco
2011-06-28T01:32:25Z,2,lemire.me,On being happy
2013-06-13T17:24:29Z,17,launchsky.com,LaunchSky
2015-03-17T20:38:09.000Z,1,labs.studentrnd.org,What will your kid do Summer of 2015?
2011-05-27T05:47:22Z,1,packetlife.net,Intro to Scapy a framework for crafting and transmitting arbitrary packets.
2008-09-23T15:15:05Z,1,sethgodin.typepad.com,Seth's Blog: Probably not stupid
2008-03-30T16:51:31Z,1,blogtbt.com,This Blog is Rated-X
2014-07-15T01:23:44.000Z,6,theverge.com,Watch Boeing's 787-9 Dreamliner do things that would make you throw up
2011-03-30T08:51:45Z,4,birthdaybomb.squarespace.com,Help us conduct the biggest April Fool's joke on Facebook
2012-09-18T22:44:28Z,1,,Ask HN: Does knowing Python give you a significant head start learning Django?
2012-04-10T20:14:39Z,1,youtube.com,Please give me feedback on my upcoming iOS game (not a DropZap sequel).
2014-11-07T10:40:24.000Z,2,fireserver.com.br,Fireserver Project Linux distribution that incorporates a Firebird database
2012-01-24T15:30:06Z,1,online.wsj.com,Average Silicon Valley Tech Salary Passes $100000
2010-04-04T21:55:54Z,1,supplydemanded.com,"The Evolution of Local Advertising and the Economics of a "Check-In"""he Evolut"
2012-03-19T14:42:22Z,2,arstechnica.com,Researchers find privacy and security holes in Android apps with ads
2012-05-05T10:47:39Z,1,bestmusicquotes.tumblr.com,RIP MCA
2012-06-22T13:24:40Z,61,,Ask HN: Web Dev Testing Best Practices
2011-01-12T22:50:55Z,2,sciencedaily.com,Polymer membranes with molecular-sized channels that assemble themselves
2013-08-02T17:49:02Z,1,inhabitat.com,an Tries to Smuggle Turtle Disguised as Hamburger Through Airport Security
2012-05-11T16:36:54Z,1,edceekays.blogspot.com,How and Why I think Malawi has to Move on with Software Localization
2008-10-18T19:57:36Z,1,,Ask YC: Issues with submitting blog to Drupal-powered communities.
2011-12-27T14:46:19Z,1,brandignity.com,18 WAYS TO ADD TRUST TO Your WEBSITE
2012-06-19T09:30:29Z,1,bdarnell.github.com,Reading Thrift and Protocol Buffers without the boiler plate (python)
2013-05-06T16:34:34Z,1,project-syndicate.org,Lives versus Profits
2014-11-10T10:58:19.000Z,1,medium.com,Exorcising the Demon
2012-06-09T23:22:51Z,3,expectedpayoff.com,A 3D Printer On Every Desk In Every Home
2012-10-25T23:34:32Z,1,linkedin.com,Dear CEOs: get on Twitter and connect with customers
2011-09-28T23:15:03Z,2,multimarkdown.com,ultiMarkdown Composer
2012-04-16T07:45:27Z,1,thenextweb.com,"Ai Weiwei: "The Internet is uncontrollable freedom will win"""i Weiwei: "The Internet is uncontrollable freedo"" Weiwei: "The Internet is uncontrolla""Weiwei: "The Internet is un""eiwei: "The Intern""iwei: "The""wei"
2011-07-01T16:08:17Z,16,bostinnovation.com,Why You Need To Intern At A Startup
2012-05-27T08:14:42Z,1,online.wsj.com,What workers lose by staying put 
2013-05-23T17:46:40Z,1,developers.meethue.com,API documentation for Philips Hue lightbulb
2013-05-07T13:18:43Z,1,uxmatters.com,4 Tips for a Great First-Use Experience
2008-04-09T00:28:43Z,1,alleyinsider.com,Wall Street Losing Patience with Yahoo
2011-11-02T13:19:19Z,1,vivalatour.com,St Petersburg Travel Agency
2011-05-19T13:31:10Z,4,youtube.com,ultitasking Impossible? Pretty girl plays Violin & DDR at the same time.
2012-02-20T20:28:45Z,1,,Ask HN: Which Emacs to use on OS X Lion?
2011-03-16T16:58:56Z,1,eskimo.com,Skills Needed in Programming
2012-10-25T16:17:58Z,1,motif.ics.com,otif now freely available under the LGPL
2013-08-06T03:27:59Z,1,,How useful is Azure storage's strong consistency property?
2012-02-24T14:54:13Z,1,corasystems.com,Project Management Software  Online Tour  ProjectVision
2011-06-22T08:50:49Z,2,junq.info,Science never fails: The Journal of Unsolved Questions
2012-12-25T10:28:36Z,1,progrium.com,Localtunnel v2 available in beta
2014-09-05T05:01:26.000Z,1,blog.flux7.com,Understand the intricacies of cloud benefits and cloud computing disadvantages
2010-07-28T11:46:06Z,3,blog.getyouram.com,Why Are We Better Than Google
2011-08-03T13:11:33Z,3,,Ask HN: Migrating comments to FB-only brings solid benefits?
2007-09-15T03:04:38Z,1,networkworld.com,Company Demos Personal Aircraft Future Jetpack
2014-07-30T23:05:16.000Z,75,github.com,Poisson Image Editing in Python
2010-02-11T19:10:03Z,1,thechromesource.com,ac Users Can Now Enjoy Bookmark Sync Extensions in Chrome
2012-09-28T20:56:19Z,1,bloomberg.com,Bankruptcy Auctions Go Online to Boost Cash for Creditors
2014-04-29T11:17:41Z,1,quirky.com,Cool silicone snowboard cover
2009-02-04T20:32:15Z,2,,Ask HN: Using open source platforms for web app development
2013-07-19T14:57:40Z,1,techonomy.com,Alibaba Turns To Travel As Profit Zooms
2012-10-18T20:08:57Z,2,creativemarket.com,Creative Market is open for business
2014-09-08T18:23:22.000Z,1,stocktwits.com,$MSFT at 14-year high heading into the Apple announcement
2015-04-15T14:04:35.000Z,3,opensource.com,3 steps to writing an open source project case study
2015-03-26T00:06:11.000Z,2,,Ask HN: Stock Quote REST API
2009-01-15T10:51:39Z,5,blog.wired.com,Steve Jobs Probably Won't Come Back to Apple
2010-07-15T21:30:48Z,1,nation.co.ke,Tokyo trials digital billboards that scan passers-by
2014-05-20T20:51:26Z,2,kurocha.blogspot.com,ITunes Concept
2011-07-18T10:49:33Z,2,broadsheet.ie,The Truth about Terms and Conditions
2013-02-26T08:46:54Z,1,ureddit.com,Featured class: Introduction to C++
2015-01-29T00:17:47.000Z,3,facebook.github.io,Facebook Fixed Data Table: A React component for building and presenting data
2012-11-22T13:02:15Z,2,hacks.mozilla.org,Fully Loaded Node
2012-02-15T21:22:35Z,789,shwood.squarespace.com,14 years ago: the day Teller gave me the secret to my career in magic.
2009-01-26T21:14:09Z,1,venturebeat.com,ore than 200 kids virtual worlds in development
2009-05-14T17:11:47Z,23,,Ask PG: What is the running-total (summation) of all our Karma as users of HN?
2010-07-29T21:33:27Z,9,,Ask HN: What startup are you working on?
2012-05-24T21:25:46Z,2,darkheartfelt.com,4 Ways to Brainstorm Like A Pro
2012-06-20T08:20:39Z,2,bbc.co.uk,Pete Townshend calls Apple 'a vampire'
2010-02-27T18:48:34Z,1,billingparadise.com,edical billing software
2015-02-11T19:15:14.000Z,21,yodelhealth.com,Show HN: Urgent care in your home
2012-03-23T07:21:37Z,1,articlesfind.info,Oxford Graduate Application 2012/13 | Ebook and PDF Search Engine
2012-03-21T08:30:02Z,1,gizmodo.com,Why you shouldn't read Gizmodo
2010-11-30T18:38:08Z,1,sessionmagazine.com,Pets as Wizards
2014-08-18T13:42:20.000Z,2,watchlistenobserve.blogspot.com,WikiLeaks' Julian Assange to leave embassy 'soon'
2008-12-30T02:45:04Z,4,007names.info,We are the worst registrar in the world
2011-04-21T23:45:06Z,3,nitrogen.posterous.com,Show HN: Kinect Home Automation goes HTML5
2012-08-06T02:43:08Z,1,blogs.atlassian.com,Our product helped build software for the Curiosity mission
2011-01-19T16:59:56Z,7,techcrunch.com,IPad Sales Outpace Every Prediction
2015-01-20T17:04:23.000Z,3,medium.com,A16Z Invests in Stack Exchange
2010-04-12T14:27:44Z,1,9lessons.info,Live Character Count Meter with Jquery.
2014-02-11T14:26:56Z,6,flowingdata.com,Learning R interactively with the Swirl package
2008-09-14T15:20:49Z,3,papers.ssrn.com,Leadership skills come from expert knowledge not interpersonal skills
2013-08-01T07:53:05Z,4,blogs.jetbrains.com,Get 10% OFF IntelliJ IDEA Personal License until end of August
2013-03-18T13:16:29Z,2,,Tell PG: Browsers with old cookies not logging in
2014-02-24T21:00:10Z,162,code.facebook.com,Facebook Open Sources flint a C++ linter written in D
2010-08-09T07:07:45Z,1,amtecinc.com,Laser Marking Machine
2010-03-21T19:03:26Z,3,,Ask HN: Domain Name Dilemma
2010-03-30T14:55:15Z,3,news.oreilly.com,Large Hadron Collider as Massive Grid Computer
2011-07-17T17:30:40Z,1,raftrowed.blogspot.com,Watchzindagi na milegi dobaronline freemegavideo
2011-03-01T18:39:08Z,5,develop-online.net,How the Box 2D hero caught Rovio out
2012-06-04T00:49:38Z,1,ndemiccreations.com,How Plague Inc. Became #1 in App Store
2015-04-09T16:58:10.000Z,204,scientificamerican.com,Artificial Sweeteners May Change Our Gut Bacteria in Dangerous Ways
2013-12-29T17:28:43Z,1,programmablegatorade.tumblr.com,Finding a Graph's Radius with an FPGA
2014-10-07T15:05:54.000Z,1,businessweek.com,The Bacon Boom Was Not an Accident
2011-04-29T18:05:05Z,206,mozillalabs.com,ozilla Chromeless 0.2
2011-01-11T23:37:55Z,4,arstechnica.com,Lawyer fears Assange could face death penalty in US
2013-01-22T17:19:15Z,2,greenteapress.com,Complexity science Python programming and the philosophy of science
2012-12-16T09:31:38Z,126,graphics.stanford.edu,Data Visualization CourseWiki  CS 448B
2013-02-14T14:08:10Z,1,rambaudpierre.fr,CommitStrip the blog relating the daily life of web agencies developers
2015-01-19T07:41:26.000Z,2,thetechportal.in,LizardSquad’s DDoS tool falls prey to hack exposes complete customer database
2010-11-17T04:58:18Z,32,informationisbeautiful.net,"Jimmy Wales' "Appeal" results in 15x more donation dollars""immy Wales' "Appeal" results in 15x more don""mmy Wales' "Appeal" results in ""my Wales' "Appeal" ""y Wales'"
2011-03-27T11:57:36Z,1,theaccent.org,SXSW Trade Show displays latest technologies
2014-02-04T20:20:26Z,15,opinionator.blogs.nytimes.com,The Dangers of Certainty: A Lesson From Auschwitz
2015-04-04T13:40:32.000Z,1,blog.separateconcerns.com,Lean tools
2012-02-20T17:31:06Z,3,horicky.blogspot.com,Characteristics of Machine Learning Model
2012-10-04T19:45:14Z,1,bbc.co.uk,CBBC Newsround - Boy sends robot to school in his place
2011-12-14T20:14:00Z,1,,Userlike Beta launch
2010-01-21T20:45:52Z,2,christopherroach.com,Ruby Fibonacci Shootout Part 2 (MacRuby vs LuaJIT)
2014-02-12T14:51:51Z,1,,Ask HN: What can I do to get intial commerical experience?
2013-01-15T17:00:33Z,5,thenextweb.com,Google lifts malware warning for isocket ad network
2013-07-01T21:57:20Z,2,huffingtonpost.co.uk,Translation of Snowden's latest letter. 
2008-10-10T15:23:07Z,9,talktech.tv,Interview with RingCentral: how to appear like a huge company even if you're just one guy
2013-05-30T15:22:39Z,1,blog.linkedin.com,Enrich your updates on LinkedIn with Rich Media [SLIDESHOW]
2011-05-05T17:41:47Z,2,virgingalactic.com,"SpaceShipTwo's First "Feathered" Flight""paceShipTwo's Fir"
2012-07-16T18:34:40Z,1,patexia.com,"Super Efficient Super Tiny "Pico Projectors"""uper Efficient S"
2012-10-28T20:52:42Z,42,quibb.com,Lessons learned from growing LinkedIn to 175 million users
2011-07-26T22:03:41Z,1,thecustomizewindows.com,Info on Colocation Server and Colocation Hosting
2011-05-20T04:53:58Z,1,glamourgoddessfashion.com,Giuliano Fujiwara Women Fall/Winter 2011-12 Tokyo
2015-04-14T02:22:10.000Z,2,vimeo.com,Jiro Ono and René Redzepi Have a Cup of Tea [video])
2011-02-07T10:23:32Z,2,boston.com,AP Fearful Russian lawmaker flees to US
2009-02-03T13:42:55Z,1,igbarb19.wordpress.com,Weaving Peace for Mindanao
2013-12-10T15:08:10Z,1,blog.vivekhaldar.com,To tool or not to tool?
2008-09-14T06:39:48Z,5,nytimes.com,David Foster Wallace Postmodern Writer Is Found Dead at Home
2007-09-06T08:28:33Z,4,blog.mwolson.org,Emacs now has multi-tty in CVS HEAD
2011-07-08T06:53:26Z,1,youtube.com,YouTube - Horrific Dust Storm of Decade Spikes Valley Fever AZ (Raw Video)
2008-09-09T20:12:08Z,1,amazon.com,ark Cuban's Amazon Book Recommendations
2013-06-02T20:03:06Z,1,github.com,A Cocoa library to extend the Objective-C programming language
2010-01-05T18:52:59Z,6,google.com,Nexus One--Verizon support coming
2013-06-04T11:46:52Z,1,imjustcreative.com,Beano Brand Guidelines Designed by Wayne Hemingway
2014-05-29T01:43:01Z,2,google.com,Google Diversity Statistics
2015-04-05T17:27:15.000Z,4,google.com,Google Cardboard – Inexpensive VR Headset
2012-07-24T15:27:06Z,6,itworld.com,Will YouTube's comment jerks willingly out themselves? Not bloody likely
2008-07-10T01:35:33Z,1,webworkerdaily.com,3 Resources for Web Designers 
2010-08-10T18:14:05Z,1,,How Can I Make My Dog Food Taste Better?
2010-06-22T05:51:00Z,3,traviskuhl.posterous.com,Banning the word 'difficult'
2013-04-27T08:47:12Z,1,walksandwalking.com,Siblyback Lake Walking Route
2011-06-17T18:06:24Z,12,msnbc.msn.com,IMF cuts U.S. growth forecast warns of crisis 
2014-07-16T16:36:09.000Z,1,mosaicscience.com,The mirror man
2013-05-13T13:49:59Z,2,venturebeat.com,Warren Spector wants game designers to work on non-combat A.I.
2012-08-19T20:22:53Z,2,salem-news.com,U.S. Marine Arrested for Facebook Posts
2014-06-17T12:54:26.000Z,72,medium.com,How I started BetaList
2011-03-17T12:32:52Z,1,tutorialsquidoo.blogspot.com,House Of Anubis Season 2
2009-03-27T08:15:37Z,3,,Rhomobile - anyone tried?
2011-03-11T05:59:30Z,16,mthreat.posterous.com,How to switch to a new IDE in an afternoon
2013-10-15T17:14:45Z,20,blog.kirigin.com,Open Corp Dev: An Idea Too Bold For Facebook Or Dropbox
2012-04-03T14:58:24Z,1,github.com,Paginator : A simple and easy PHP class that allows you to create pagination.
2012-09-27T03:58:11Z,1,bit.ly,Checkout Luxolasg profile on DiscoverMatch.
2011-05-14T15:49:37Z,87,ontwik.com,Learning to Love JavaScript
2010-02-10T14:55:44Z,1,visualstudiomagazine.com,Using Agile Techniques to Pay Back Technical Debt
2012-01-12T17:48:44Z,1,theendofworld.org,Doomsday Clock - one minutes presented
2014-04-25T07:51:21Z,1,blog.techdev.de,Show HN: Testing a Spring 4 REST Backend using Java 8 Lambdas
2011-07-01T23:39:20Z,2,youtube.com,[video] How to get started in the Rails community (no blogspam)
2011-08-05T12:13:37Z,161,hanselman.com,Hackers Can Kill Diabetics w/ Insulin Pumps? Facts vs. Fear Mongering
2012-07-30T02:55:33Z,1,free-beautiful-desktop-wallpapers.blogspot.in,Beautiful Natural Amazing Bridge Wallpapers desktop background
2013-03-06T16:04:43Z,3,tomtunguz.com,Crafting a Pricing Plan to Maximize Freemium Growth
2013-03-08T05:49:38Z,2,thebier.tumblr.com,What I saw in consumer startups after I left Silicon Valley
2012-05-03T02:21:47Z,2,bit-player.org, Keplers snowflake
2010-10-29T10:11:00Z,1,tophealthcareleads.com,Chiropractors Email Lists and  Mailing Lists.
2010-07-06T17:34:15Z,7,alexyoung.org,An Inkling (how to learn a new language properly)
2014-11-20T00:08:02.000Z,5,philipithomas.com,Video – Optimization in Julia
2013-12-09T20:12:50Z,1,obn.org,Women Hackers - the mission to locate subversive women on the net ('99)
2011-09-30T21:12:55Z,1,neonlabs.structum.net,The importance of Trust in teams.
2012-12-30T16:33:26Z,1,maximumpc.com,Acer: Critics Unfair to Windows 8
2013-01-29T04:26:59Z,3,spectrum.ieee.org,Phreaking Out Ma Bell
2013-12-15T06:03:46Z,2,github.com,Pygram - Open Source Grammar Analyzer
2010-08-21T06:45:37Z,1,forum.xcitezone.com,Facebook feels unfriendly toward movie it inspired
2011-07-25T17:16:34Z,1,,Fix: Unknown or expired link.
2011-04-06T11:04:03Z,2,microtask.com,Searching Questions: how good is Google?
2011-02-24T08:41:04Z,1,ezinearticles.com,Dui attorney Jacksonville | lawyer Jacksonville
2012-04-18T13:09:05Z,2,en.sdjournal.org,Demistifying Lazy Load Pattern
2013-08-06T11:44:54Z,10,trakstat.us,Show HN: Keep your customers informed and aware
2011-11-02T20:35:28Z,2,online.wsj.com,Richard Muller: The Case Against Global-Warming Skepticism 
2008-09-25T05:35:21Z,1,popsci.com,Do You Want Fries With That?
2012-05-24T18:34:17Z,3,twitter.com,Twitter.com down?
2009-06-25T14:11:26Z,3,wired.com,Crash Could Free Up Wall Street's Grip on Bright Young Minds
2012-01-30T12:11:32Z,1,businessmodellab.nl,Why companies need to experiment more
2011-03-28T04:07:42Z,1,businessinsider.com,A History Of Graphic Design 
2012-08-16T07:41:13Z,1,,Ask HN: Can Amazon go after my credit?
2010-10-24T10:54:51Z,1,newfashionmarket.blogspot.com,Fashionable clothsummer fashionbelts
2012-07-11T22:48:55Z,1,sortable.com,We were tired of telling people what gadget to buy so we did something about it
2011-05-31T15:58:35Z,1,appleinsider.com,US 'federal government 2.0' ditches BlackBerry embraces Apple
2013-05-27T02:12:33Z,2,qz.com,The lesson from Better Places bankruptcy: Be more like Tesla
2012-03-22T23:54:53Z,1,mashable.com,Netflix To Make Own Horror Show -- and Pick Up Terra Nova The River?
2012-03-22T15:36:41Z,61,psellos.com,Code iOS Apps in OCaml
2013-07-23T18:52:03Z,2,linuxgizmos.com,Hackable measurement board runs Linux on ARM+FPGA
2011-06-25T05:22:17Z,2,mobilecrunch.com,Amazon-Apple App Store Law Suit Update
2008-07-24T22:55:31Z,1,appleiphoneapps.com,Cydia 2.0 vs Installer 4.0
2010-04-20T16:49:03Z,3,edition.cnn.com,any Teens Send 100+ Texts A Day
2012-03-01T17:39:23Z,2,spicytricks.com,Windows Server 8 Beta Released Download Now
2015-03-03T06:38:00.000Z,4,sciencedaily.com,First ever photograph of light as a particle and a wave
2012-02-29T11:03:52Z,1,creationwatches.com,Orient Mako
2014-06-02T14:28:15.000Z,1,apptentive.com,Ratings Prompts Don't Have To Suck
2013-01-12T15:57:21Z,1,news.cnet.com,Android challenges the iPhone in every category
